case_id,truth_id,truth_rms,snr_db,noise_repeat,method,initial_id,initial_rms,direction,loss,intensity_rms,wavefront_rms_error,max_coeff_error,truth_sign,equivalent_wavefront_rms_error,equivalent_max_coeff_error,equivalent_truth_sign,tilt_alias,historical_coeff_error_pm,strict_success,engineering_success,status,stopped_by_tolerance,n_iter,n_forward,n_jacobian,n_gradient,elapsed_seconds,precompute_seconds,standalone_seconds,truth_jacobian_rank,truth_jacobian_condition,fitted_Z2,fitted_Z3,fitted_Z4,fitted_Z5,fitted_Z6,fitted_Z7,fitted_Z8,fitted_Z9,fitted_Z10,fitted_Z11,fitted_Z12,fitted_Z13
0,0,0.24004595277813676,,0,gd,0,0.0,-1,0.0023556776655174892,0.06863931330538628,0.24004595277813676,0.42,1,0.24004595277813676,0.42,1,False,0.42,False,False,gradient_tolerance,True,1,1,1,1,0.004626792011549696,0.012820250005461276,0.017447042017010972,12,46.69863128319354,0.0,0.0,0.0,0.0,0.0,0.0,0.0,0.0,0.0,0.0,0.0,0.0
0,0,0.24004595277813676,,0,momentum,0,0.0,-1,0.0023556776655174892,0.06863931330538628,0.24004595277813676,0.42,1,0.24004595277813676,0.42,1,False,0.42,False,False,gradient_tolerance,True,1,1,1,1,0.0041592920024413615,0.012820250005461276,0.016979542007902637,12,46.69863128319354,0.0,0.0,0.0,0.0,0.0,0.0,0.0,0.0,0.0,0.0,0.0,0.0
0,0,0.24004595277813676,,0,adam,0,0.0,-1,0.0023556776655174892,0.06863931330538628,0.24004595277813676,0.42,1,0.24004595277813676,0.42,1,False,0.42,False,False,gradient_tolerance,True,1,1,1,1,0.004390083980979398,0.012820250005461276,0.017210333986440673,12,46.69863128319354,0.0,0.0,0.0,0.0,0.0,0.0,0.0,0.0,0.0,0.0,0.0,0.0
0,0,0.24004595277813676,,0,bfgs,0,0.0,-1,0.0023556776655174892,0.06863931330538628,0.24004595277813676,0.42,1,0.24004595277813676,0.42,1,False,0.42,False,False,gradient_tolerance,True,0,1,1,1,0.00397633298416622,0.012820250005461276,0.016796582989627495,12,46.69863128319354,0.0,0.0,0.0,0.0,0.0,0.0,0.0,0.0,0.0,0.0,0.0,0.0
0,0,0.24004595277813676,,0,gn,0,0.0,-1,0.0023556776655174892,0.06863931330538628,0.24004595277813676,0.42,1,0.24004595277813676,0.42,1,False,0.42,False,False,gradient_tolerance,True,1,1,1,1,0.0037950000260025263,0.012820250005461276,0.016615250031463802,12,46.69863128319354,0.0,0.0,0.0,0.0,0.0,0.0,0.0,0.0,0.0,0.0,0.0,0.0
0,0,0.24004595277813676,,0,lm,0,0.0,-1,0.0023556776655174892,0.06863931330538628,0.24004595277813676,0.42,1,0.24004595277813676,0.42,1,False,0.42,False,False,gradient_tolerance,True,1,1,1,1,0.004034417012007907,0.012820250005461276,0.016854667017469183,12,46.69863128319354,0.0,0.0,0.0,0.0,0.0,0.0,0.0,0.0,0.0,0.0,0.0,0.0
0,0,0.24004595277813676,,0,trf,0,0.0,-1,0.0023556776655174892,0.06863931330538628,0.24004595277813676,0.42,1,0.24004595277813676,0.42,1,False,0.42,False,False,gradient_tolerance,True,,1,1,1,0.004114832991035655,0.012820250005461276,0.01693508299649693,12,46.69863128319354,0.0,0.0,0.0,0.0,0.0,0.0,0.0,0.0,0.0,0.0,0.0,0.0
0,0,0.24004595277813676,,0,momentum,1,0.03,0,0.0003412717576862298,0.02612553378157965,0.2298048807437057,0.30077648243788674,1,0.2298048807437057,0.30077648243788674,1,False,0.30077648243788674,False,False,forward_budget,False,251,500,250,250,1.47696095801075,0.012820250005461276,1.4897812080162112,12,46.69863128319354,0.0365010403807914,-0.021590206119912532,0.05339516143385938,0.09990730126211698,-0.02637462122785596,0.11922351756211323,-0.020354692765464734,0.019374696677022508,0.09363524355329603,0.011349748858485411,0.27816062229377503,0.00018480670877292472
0,0,0.24004595277813676,,0,adam,1,0.03,0,9.910858219077275e-05,0.0140789617650431,0.44427929556305157,0.5918461040618281,1,0.44427929556305157,0.5918461040618281,1,False,0.5918461040618281,False,False,forward_budget,False,251,500,250,250,1.5678799170127604,0.012820250005461276,1.5807001670182217,12,46.69863128319354,0.5918461040618281,0.49465600105427127,0.21418313955314158,0.020279990016265972,0.35913778192589246,0.0400238070522547,0.14552465511674573,0.07515657004546135,0.05335248897959434,-0.18603303780941088,0.16536634791165022,0.08272766122121727
0,0,0.24004595277813676,,0,bfgs,1,0.03,0,8.69824691854877e-05,0.013189576883697802,0.36283027293731784,0.4233521613299821,-1,0.36283027293731784,0.4233521613299821,-1,False,0.4233521613299821,False,False,gradient_tolerance,True,83,93,93,93,0.4306091250036843,0.012820250005461276,0.4434293750091456,12,46.69863128319354,0.4233521613299821,-0.0027669274798152736,-0.02805618063614144,0.5283015959254601,-0.005350975422324327,-0.07562744178286146,-0.03436689420392576,0.06953725208284692,0.33526906239852594,0.028097221473068996,0.14469438235352702,0.007881463731234705
0,0,0.24004595277813676,,0,gn,1,0.03,0,8.698246918549234e-05,0.013189576883698153,0.3628302728694095,0.42335216788647895,-1,0.3628302728694095,0.42335216788647895,-1,False,0.42335216788647895,False,False,loss_tolerance,True,19,52,19,19,0.18357379199005663,0.012820250005461276,0.1963940419955179,12,46.69863128319354,0.42335216788647895,-0.0027668273668941296,-0.028056182752591977,0.5283015998404689,-0.005351035813945624,-0.07562744108885404,-0.03436690728877852,0.0695372522110133,0.33526905837065446,0.0280972508308272,0.14469438182200361,0.007881466096985573
0,0,0.24004595277813676,,0,lm,1,0.03,0,9.910789526118875e-05,0.014078912973748275,0.4439742704084495,0.5911192173907406,1,0.4439742704084495,0.5911192173907406,1,False,0.5911192173907406,False,False,loss_tolerance,True,32,64,32,32,0.2694852079730481,0.012820250005461276,0.28230545797850937,12,46.69863128319354,0.5911192173907406,0.4946695909379827,0.21382319428561145,0.020536240212925737,0.3585383246233907,0.0403290422707263,0.14555217622640335,0.07524676939781877,0.053259223239286294,-0.18588296519003109,0.1652583755686564,0.08277824087604055
0,0,0.24004595277813676,,0,trf,1,0.03,0,8.698246918549391e-05,0.013189576883698272,0.3628302727609245,0.42335216846359425,-1,0.3628302727609245,0.42335216846359425,-1,False,0.42335216846359425,False,False,loss_tolerance,True,,33,17,1,0.15403312499984168,0.012820250005461276,0.16685337500530295,12,46.69863128319354,0.42335216846359425,-0.0027668114922881674,-0.02805618302838256,0.5283016005244574,-0.00535104537507558,-0.07562744090059702,-0.034366909360147774,0.06953725219381932,0.33526905774152044,0.028097255508418066,0.14469438174386418,0.007881466445390528
0,0,0.24004595277813676,,0,gd,1,0.03,0,0.00010817774256815171,0.014709027334813931,0.314250483619962,0.4043260513660224,-1,0.314250483619962,0.4043260513660224,-1,False,0.4043260513660224,False,False,forward_budget,False,251,500,250,250,1.6016962089925073,0.012820250005461276,1.6145164589979686,12,46.69863128319354,0.12829277228405522,-0.03962814733186268,0.01323362603768248,0.47655731553562564,-0.028499144630476397,-0.015673948633977614,-0.02670148066130325,0.036123909901746,0.3370087677644904,0.03450980879830292,0.17296845675008482,0.011527605232854034
0,0,0.24004595277813676,,0,adam,2,0.03,1,9.910792639398892e-05,0.014078915185055198,0.44406782868563266,0.5912808568374637,1,0.44406782868563266,0.5912808568374637,1,False,0.5912808568374637,False,False,forward_budget,False,251,500,250,250,1.5155097079987172,0.012820250005461276,1.5283299580041785,12,46.69863128319354,0.5912808568374637,0.4947574141617215,0.21390202251447643,0.02054058947202322,0.3587036921338125,0.04029663212430246,0.14556046827320662,0.0752293475188813,0.053248912191562775,-0.18588828243130573,0.16525741418420625,0.08275809797067954
0,0,0.24004595277813676,,0,bfgs,2,0.03,1,9.912958941254135e-05,0.01408045378619179,0.45751277036885735,0.7316660287531209,1,0.45751277036885735,0.7316660287531209,1,False,0.7316660287531209,False,False,gradient_tolerance,True,90,100,100,100,0.4567552499938756,0.012820250005461276,0.4695754999993369,12,46.69863128319354,-0.3565897370168975,0.7316660287531209,0.25647739504829636,0.32420723440050825,0.029644872734369353,0.2064364521589241,0.14512520015844438,0.03367297294517531,0.09851059883038446,-0.045172458465233045,0.08568501544658814,0.059244467514116536
0,0,0.24004595277813676,,0,gn,2,0.03,1,3.1574119015614495e-05,0.007946586564760305,0.11454830763385296,0.16975381041775578,1,0.11454830763385296,0.16975381041775578,1,False,0.16975381041775578,False,False,loss_tolerance,True,50,105,50,50,0.44325020801625215,0.012820250005461276,0.4560704580217134,12,46.69863128319354,-0.06454320026582198,-0.011927702542423419,0.40102346097782043,0.022912560986570376,0.09340728480584226,0.2502461895822442,0.043561539611365635,0.051607025709594724,-0.10352244677768405,-0.012435571156855781,0.05488459383579462,0.009657284511713349
0,0,0.24004595277813676,,0,lm,2,0.03,1,9.910789526119187e-05,0.014078912973748496,0.4439742660050073,0.5911192103317895,1,0.4439742660050073,0.5911192103317895,1,False,0.5911192103317895,False,False,loss_tolerance,True,26,52,26,26,0.22006983301253058,0.012820250005461276,0.23289008301799186,12,46.69863128319354,0.5911192103317895,0.49466957898057584,0.2138231918943704,0.020536239461409526,0.35853832962953014,0.040329041236208424,0.14555217616662597,0.07524677025070595,0.0532592268471762,-0.1858829723589422,0.16525837573051294,0.08277824239693528
0,0,0.24004595277813676,,0,trf,2,0.03,1,9.912958941265171e-05,0.014080453786199628,0.45751307281553966,0.7316665395484914,1,0.45751307281553966,0.7316665395484914,1,False,0.7316665395484914,False,False,loss_tolerance,True,,54,27,1,0.2639168330060784,0.012820250005461276,0.27673708301153965,12,46.69863128319354,-0.3565901608033214,0.7316665395484914,0.256477553302889,0.32420726329719074,0.029644393952998168,0.206436338143827,0.14512520953307398,0.03367295777552727,0.09851080178011305,-0.0451723160161705,0.08568501314689356,0.059244432705715604
0,0,0.24004595277813676,,0,gd,2,0.03,1,0.0001298630170387313,0.016116017934882754,0.19151503306649298,0.24870303483438216,1,0.19151503306649298,0.24870303483438216,1,False,0.24870303483438216,False,False,forward_budget,False,251,500,250,250,1.6073027919919696,0.012820250005461276,1.6201230419974308,12,46.69863128319354,0.021963105796225582,0.1936897776630781,0.26965512993481267,0.11117239567308553,0.2071125617203803,0.17129696516561782,0.18820582045961143,0.023006385319391698,-0.004698940696977082,-0.12691263654841733,0.14588862411104983,0.05244754526679705
0,0,0.24004595277813676,,0,momentum,2,0.03,1,0.0003918557449000367,0.02799484755807885,0.19915390019426657,0.2764019930827135,1,0.19915390019426657,0.2764019930827135,1,False,0.2764019930827135,False,False,forward_budget,False,251,500,250,250,1.5450194999866653,0.012820250005461276,1.5578397499921266,12,46.69863128319354,0.030256999521960974,0.049630161429025293,0.0775702263359293,0.028397906579586976,0.023137043076766412,0.14359800691728647,0.08231668704280944,0.07389952150582653,0.05814065290385315,-0.06356676112952851,0.221656128759773,0.04373597485710719
0,0,0.24004595277813676,,0,bfgs,3,0.03,2,9.912958941254142e-05,0.014080453786191794,0.45751276881938313,0.731666026041921,1,0.45751276881938313,0.731666026041921,1,False,0.731666026041921,False,False,gradient_tolerance,True,83,93,93,93,0.44444404199020937,0.012820250005461276,0.45726429199567065,12,46.69863128319354,-0.35658973619580986,0.731666026041921,0.25647739529812846,0.32420723250216227,0.02964487126954786,0.20643645212456938,0.14512520049004451,0.03367297303683184,0.09851059799858104,-0.04517245775603802,0.08568501565232778,0.05924446787928264
0,0,0.24004595277813676,,0,gn,3,0.03,2,3.1574119015621766e-05,0.00794658656476122,0.11454851822126084,0.1697539330866608,1,0.11454851822126084,0.1697539330866608,1,False,0.1697539330866608,False,False,loss_tolerance,True,42,88,42,42,0.34617562501807697,0.012820250005461276,0.35899587502353825,12,46.69863128319354,-0.0645437695978642,-0.01192939082980221,0.40102361221730215,0.022912486607330407,0.09340922852320965,0.25024606691333917,0.04356179727971702,0.0516069863292593,-0.10352216971092038,-0.012436133995807709,0.05488466469283362,0.009657073989870752
0,0,0.24004595277813676,,0,lm,3,0.03,2,9.910789526120039e-05,0.014078912973749101,0.4439742463232533,0.5911191812606549,1,0.4439742463232533,0.5911191812606549,1,False,0.5911191812606549,False,False,loss_tolerance,True,28,56,28,28,0.24475858299410902,0.012820250005461276,0.2575788329995703,12,46.69863128319354,0.5911191812606549,0.494669535487457,0.21382319187114496,0.020536239927416468,0.35853834238773363,0.04032904215833956,0.14555218275557816,0.07524677008336286,0.05325922682612985,-0.18588298337374112,0.16525837737107577,0.08277824173768653
0,0,0.24004595277813676,,0,trf,3,0.03,2,9.912958941254434e-05,0.014080453786192002,0.45751283068555354,0.7316661236929508,1,0.45751283068555354,0.7316661236929508,1,False,0.7316661236929508,False,False,loss_tolerance,True,,62,31,1,0.3299211249977816,0.012820250005461276,0.34274137500324287,12,46.69863128319354,-0.35658982474373124,0.7316661236929508,0.25647741421690834,0.32420726023303004,0.02964479555970798,0.2064364431457596,0.1451251935545584,0.03367296959812636,0.09851062013099128,-0.0451724446996449,0.08568501275472197,0.059244468979080915
0,0,0.24004595277813676,,0,gd,3,0.03,2,0.00012937879588859383,0.016085943919372205,0.1826305380464829,0.23846707709942555,1,0.1826305380464829,0.23846707709942555,1,False,0.23846707709942555,False,False,forward_budget,False,251,500,250,250,1.5370289580023382,0.012820250005461276,1.5498492080077995,12,46.69863128319354,-0.011914402560781513,0.16992683605743122,0.2811214923455961,0.11424161121906373,0.20315740012968234,0.18153292290057443,0.19014501735384795,0.01793061774964793,-0.012605773510871197,-0.12089741370024461,0.14366353715990876,0.04811770037593098
0,0,0.24004595277813676,,0,momentum,3,0.03,2,0.0003046506792402857,0.02468403043428223,0.1898289598702815,0.2557644500682428,1,0.1898289598702815,0.2557644500682428,1,False,0.2557644500682428,False,False,forward_budget,False,251,500,250,250,1.4571814170049038,0.012820250005461276,1.470001667010365,12,46.69863128319354,0.008538363226232503,0.023535192474177367,0.09822185477152356,0.040956268094154376,0.031321046615909176,0.16423554993175718,0.15756534552248228,0.10698786962773353,0.02500719262252929,-0.10554582935708237,0.16628247477748834,0.049656968645901065
0,0,0.24004595277813676,,0,adam,3,0.03,2,9.911806288388368e-05,0.014079635143275815,0.4406646986378551,0.585826659500505,1,0.4406646986378551,0.585826659500505,1,False,0.585826659500505,False,False,forward_budget,False,251,500,250,250,1.50387887499528,0.012820250005461276,1.5166991250007413,12,46.69863128319354,0.585826659500505,0.4892942528725574,0.21435369838763635,0.02081244150107289,0.359097606510364,0.04117257347174337,0.14668830809309522,0.07491831938440438,0.05250055005548304,-0.18567858495593456,0.16551394021476867,0.08228398869686236
0,0,0.24004595277813676,,0,gn,4,0.03,3,8.6982469185489e-05,0.0131895768836979,0.36283027304542725,0.4233521584057122,-1,0.36283027304542725,0.4233521584057122,-1,False,0.4233521584057122,False,False,loss_tolerance,True,15,33,15,15,0.12628783300169744,0.012820250005461276,0.1391080830071587,12,46.69863128319354,0.4233521584057122,-0.0027669817161309227,-0.02805617945138276,0.528301593259962,-0.0053509429740473576,-0.07562744203968638,-0.03436688708118438,0.06953725184715887,0.3352690643779923,0.02809720545174668,0.14469438275224697,0.007881462664468078
0,0,0.24004595277813676,,0,lm,4,0.03,3,0.0001229137738945814,0.015678888601848115,0.48909814469635177,0.6002386301518965,1,0.48909814469635177,0.6002386301518965,1,False,0.6002386301518965,False,False,loss_tolerance,True,31,62,31,31,0.30674762499984354,0.012820250005461276,0.3195678750053048,12,46.69863128319354,0.6002386301518965,-0.5346656490112582,0.1791807189927304,0.07001492994651334,-0.3618669588525535,0.022187466017454235,-0.13481460749305407,0.05874929052817118,0.08451143446661273,0.21101830433888416,0.1849137667698456,-0.055036897496747346
0,0,0.24004595277813676,,0,trf,4,0.03,3,8.69824691854889e-05,0.013189576883697892,0.36283027304180077,0.4233521586640854,-1,0.36283027304180077,0.4233521586640854,-1,False,0.4233521586640854,False,False,gradient_tolerance,True,,39,20,1,0.19889616698492318,0.012820250005461276,0.21171641699038446,12,46.69863128319354,0.4233521586640854,-0.0027669775943163833,-0.028056179540482423,0.528301593435125,-0.0053509454531986515,-0.07562744201556748,-0.03436688762095121,0.06953725185768661,0.33526906421784863,0.02809720666337973,0.1446943827273408,0.007881462756260095
0,0,0.24004595277813676,,0,gd,4,0.03,3,0.00010471068728961811,0.014471398501155175,0.3158186718990692,0.40497261450522876,-1,0.3158186718990692,0.40497261450522876,-1,False,0.40497261450522876,False,False,forward_budget,False,251,500,250,250,1.8419491250242572,0.012820250005461276,1.8547693750297185,12,46.69863128319354,0.1326866686500699,-0.0418556290582375,0.005865499946228651,0.4940151841193055,-0.014811946682634454,-0.015027385494771237,-0.02608433214371072,0.03979223848113841,0.3371840024190639,0.029714673799598475,0.16667909241363707,0.00955175596351489
0,0,0.24004595277813676,,0,momentum,4,0.03,3,0.0003549617330864812,0.02664438901857129,0.2454783465530085,0.2975220165275707,1,0.2454783465530085,0.2975220165275707,1,False,0.2975220165275707,False,False,forward_budget,False,251,500,250,250,1.4616704159998335,0.012820250005461276,1.4744906660052948,12,46.69863128319354,0.027289556143395528,-0.03751669351773728,0.014628067401440122,0.1106243326377681,0.01382322804008311,0.12247798347242929,-0.0456739196501747,0.03726240238840067,0.09468407734223874,0.02896747328011586,0.275267858220901,-0.01068072009592906
0,0,0.24004595277813676,,0,adam,4,0.03,3,0.00012291378856191585,0.015678889537331132,0.4891492782213767,0.600296332346533,1,0.4891492782213767,0.600296332346533,1,False,0.600296332346533,False,False,forward_budget,False,251,500,250,250,1.6363552089896984,0.012820250005461276,1.6491754589951597,12,46.69863128319354,0.600296332346533,-0.5347571276276671,0.17921617689851962,0.07006210006755685,-0.3619566652640834,0.022210716937922568,-0.13484006168337184,0.05874332021951678,0.08446430159844333,0.2109927146027332,0.1848926050938853,-0.055020136409326605
0,0,0.24004595277813676,,0,bfgs,4,0.03,3,8.698246918548776e-05,0.013189576883697806,0.3628302725410361,0.4233521631788397,-1,0.3628302725410361,0.4233521631788397,-1,False,0.4233521631788397,False,False,gradient_tolerance,True,75,82,82,82,0.37990758300293237,0.012820250005461276,0.39272783300839365,12,46.69863128319354,0.4233521631788397,-0.0027669258142867525,-0.0280561818794573,0.5283015944688965,-0.005350978338455724,-0.07562744097943798,-0.03436689320523405,0.06953725158469194,0.3352690587894988,0.028097222848374494,0.14469438409965865,0.007881463878319882
0,0,0.24004595277813676,,0,lm,5,0.03,4,9.910789526119234e-05,0.01407891297374853,0.4439742569733658,0.5911191979239345,-1,0.4439742569733658,0.5911191979239345,-1,False,0.5911191979239345,False,False,loss_tolerance,True,26,52,26,26,0.2286953330039978,0.012820250005461276,0.24151558300945908,12,46.69863128319354,-0.5911191979239345,-0.4946695628955386,-0.2138231959267879,-0.02053624110554207,-0.3585383316974351,-0.04032904379134018,-0.145552181788989,-0.07524676865382038,-0.05325922069925026,0.1858829693385845,-0.16525837683919242,-0.08277823925532864
0,0,0.24004595277813676,,0,trf,5,0.03,4,3.157411901561415e-05,0.007946586564760261,0.11454830838021932,0.16975381085252866,-1,0.11454830838021932,0.16975381085252866,-1,False,0.16975381085252866,False,False,loss_tolerance,True,,109,55,1,0.511489291995531,0.012820250005461276,0.5243095420009922,12,46.69863128319354,0.06454320228370607,0.011927708526285972,-0.4010234615138577,-0.022912560722949112,-0.09340729169502765,-0.2502461891474713,-0.043561540524631535,-0.05160702557001831,0.10352244579567721,0.012435573151750529,-0.0548845940869323,-0.009657283765552293
0,0,0.24004595277813676,,0,gd,5,0.03,4,0.0001300409008464089,0.01612705185992833,0.18460336572536393,0.24363976955585748,-1,0.18460336572536393,0.24363976955585748,-1,False,0.24363976955585748,False,False,forward_budget,False,251,500,250,250,1.4907572919910308,0.012820250005461276,1.503577541996492,12,46.69863128319354,-0.0005179003310007783,-0.17120723760617163,-0.2767428626844423,-0.11206833082883316,-0.20732772806093586,-0.1763602304441425,-0.1899560770444368,-0.019757883336867364,0.008579668600732551,0.12655123352368497,-0.1452922053019684,-0.04921143176608281
0,0,0.24004595277813676,,0,momentum,5,0.03,4,0.0004226547060230845,0.029074205269382154,0.2021489770430023,0.2656572509112648,-1,0.2021489770430023,0.2656572509112648,-1,False,0.2656572509112648,False,False,forward_budget,False,251,500,250,250,1.4668637499853503,0.012820250005461276,1.4796839999908116,12,46.69863128319354,-0.007456682611150159,-0.010052100847583142,-0.0601768462352767,-0.03826290641350778,-0.04587659305961887,-0.15434274908873516,-0.06147749337635728,-0.08786169637474381,-0.04491629771572726,0.05946813854675617,-0.2137790893142192,-0.03658872839550592
0,0,0.24004595277813676,,0,adam,5,0.03,4,9.910994288441551e-05,0.014079058412011474,0.4425213042892083,0.5887604734536299,-1,0.4425213042892083,0.5887604734536299,-1,False,0.5887604734536299,False,False,forward_budget,False,251,500,250,250,1.5861650829901919,0.012820250005461276,1.5989853329956532,12,46.69863128319354,-0.5887604734536299,-0.4923342538831219,-0.21409020344505816,-0.02072699669895367,-0.3588814184895665,-0.040732652452746265,-0.14608820313561377,-0.0750928198543569,-0.052884401673271714,0.1857703245524387,-0.16535101478416342,-0.08253627950673796
0,0,0.24004595277813676,,0,bfgs,5,0.03,4,9.912958941254134e-05,0.014080453786191788,0.4575127711809181,0.7316660296130291,-1,0.4575127711809181,0.7316660296130291,-1,False,0.7316660296130291,False,False,gradient_tolerance,True,89,97,97,97,0.4973893330025021,0.012820250005461276,0.5102095830079634,12,46.69863128319354,0.35658973942718564,-0.7316660296130291,-0.2564773951577383,-0.32420723411489744,-0.029644870869762446,-0.206436452033615,-0.14512520020697936,-0.03367297295782892,-0.0985105992104204,0.0451724580181157,-0.08568501565115862,-0.059244467796476435
0,0,0.24004595277813676,,0,gn,5,0.03,4,3.157411901562485e-05,0.007946586564761608,0.11454828710390418,0.1697537984586388,-1,0.11454828710390418,0.1697537984586388,-1,False,0.1697537984586388,False,False,loss_tolerance,True,44,91,44,44,0.36478995898505673,0.012820250005461276,0.377610208990518,12,46.69863128319354,0.06454314476069219,0.011927537946532746,-0.4010234462332597,-0.022912568237891198,-0.09340709530759281,-0.2502462015413612,-0.04356151449049311,-0.05160702954886905,0.10352247378934823,0.012435516284016845,-0.054884586927853946,-0.00965730503609019
0,0,0.24004595277813676,,0,trf,6,0.03,5,9.912958941255405e-05,0.01408045378619269,0.45751268822390684,0.7316658821033698,-1,0.45751268822390684,0.7316658821033698,-1,False,0.7316658821033698,False,False,loss_tolerance,True,,59,30,1,0.2811718749871943,0.012820250005461276,0.2939921249926556,12,46.69863128319354,0.35658963042620667,-0.7316658821033698,-0.25647733506499587,-0.3242072349207671,-0.029645024597980185,-0.20643649006073395,-0.14512520059805079,-0.033672982956434526,-0.09851054482864065,0.045172504010837014,-0.08568501385887585,-0.05924447563565406
0,0,0.24004595277813676,,0,gd,6,0.03,5,0.00011002998929955781,0.014834418714567674,0.3128449224960735,0.3939398959219643,1,0.3128449224960735,0.3939398959219643,1,False,0.3939398959219643,False,False,forward_budget,False,251,500,250,250,1.4824022910033818,0.012820250005461276,1.495222541008843,12,46.69863128319354,-0.16545273537089347,0.017950820025993682,-0.01591679085488544,-0.4474908428797205,0.020954264215932498,0.02606010407803569,0.02842398713008633,-0.03690055494604395,-0.3373087810951193,-0.037654830496007534,-0.18166447253678283,-0.006862957299172636
0,0,0.24004595277813676,,0,momentum,6,0.03,5,0.0003855181538692228,0.02776754054176289,0.22404878366542336,0.28635458980097434,-1,0.22404878366542336,0.28635458980097434,-1,False,0.28635458980097434,False,False,forward_budget,False,251,500,250,250,1.4827876249910332,0.012820250005461276,1.4956078749964945,12,46.69863128319354,-0.06963247691649256,-0.013318827966527974,-0.041388697498599046,-0.05468603246362839,0.008953038161104569,-0.13364541019902565,-0.00034223945501754875,-0.04239970028109112,-0.05815335719932022,0.0070533622559432315,-0.2726864100990393,-0.016936866827076073
0,0,0.24004595277813676,,0,adam,6,0.03,5,9.910789637039615e-05,0.014078913052533292,0.44399489872383324,0.591143552365058,-1,0.44399489872383324,0.591143552365058,-1,False,0.591143552365058,False,False,forward_budget,False,251,500,250,250,1.5603818749950733,0.012820250005461276,1.5732021250005346,12,46.69863128319354,-0.591143552365058,-0.49471674688978035,-0.21381654755176252,-0.020548915915947787,-0.3585348653434203,-0.040335707943954774,-0.14555065722264962,-0.07525059771243874,-0.053253603210684196,0.18587494473563884,-0.165251293329984,-0.08277894080020792
0,0,0.24004595277813676,,0,bfgs,6,0.03,5,8.698246918548773e-05,0.013189576883697804,0.36283027358244213,0.4233521641345999,1,0.36283027358244213,0.4233521641345999,1,False,0.4233521641345999,False,False,gradient_tolerance,True,84,93,93,93,0.4265011250099633,0.012820250005461276,0.43932137501542456,12,46.69863128319354,-0.4233521641345999,0.002766927356956699,0.028056180976467327,-0.52830159560683,0.005350974990354614,0.07562744238730089,0.03436689422233617,-0.0695372520852439,-0.3352690626073604,-0.028097221105060372,-0.1446943827212211,-0.00788146348519907
0,0,0.24004595277813676,,0,gn,6,0.03,5,9.910789526119248e-05,0.014078912973748539,0.44397440877982297,0.591119419367503,-1,0.44397440877982297,0.591119419367503,-1,False,0.591119419367503,False,False,loss_tolerance,True,28,60,28,28,0.2335858340084087,0.012820250005461276,0.24640608401386999,12,46.69863128319354,-0.591119419367503,-0.49466988477012674,-0.21382318259792338,-0.020536232900886364,-0.3585382459187874,-0.040329029266603644,-0.14555212223183056,-0.07524677505521032,-0.05325924129087742,0.1858829120397458,-0.16525836293644489,-0.08277825392536499
0,0,0.24004595277813676,,0,lm,6,0.03,5,9.910789526119222e-05,0.014078912973748522,0.44397426520195565,0.5911192091152122,-1,0.44397426520195565,0.5911192091152122,-1,False,0.5911192091152122,False,False,loss_tolerance,True,26,52,26,26,0.22290262501337565,0.012820250005461276,0.23572287501883693,12,46.69863128319354,-0.5911192091152122,-0.49466957708580844,-0.21382319176413545,-0.020536239433988374,-0.3585383302670713,-0.04032904120688156,-0.14555217635245046,-0.07524677029210482,-0.05325922704214107,0.1858829730627977,-0.1652583757863571,-0.08277824246034277
0,0,0.24004595277813676,,0,gd,7,0.03,6,0.0001841255531119594,0.019189869885539057,0.2604205003617184,0.3225430400256079,-1,0.2604205003617184,0.3225430400256079,-1,False,0.3225430400256079,False,False,forward_budget,False,251,500,250,250,1.69034499998088,0.012820250005461276,1.7031652499863412,12,46.69863128319354,-0.10357988009075404,0.19047987518506895,-0.18157809932266175,-0.12588841039389354,0.18803648450041752,-0.09745695997439209,0.16139760708432724,-0.02871180863024285,-0.09257297829761768,-0.21678548455613655,-0.1865965270141475,0.051404871228736534
0,0,0.24004595277813676,,0,momentum,7,0.03,6,0.0003796595144849242,0.027555744028602246,0.2242847005488033,0.2825057735372084,-1,0.2242847005488033,0.2825057735372084,-1,False,0.2825057735372084,False,False,forward_budget,False,251,500,250,250,1.779025374999037,0.012820250005461276,1.7918456250044983,12,46.69863128319354,-0.06128994996979617,0.0347496888539662,-0.04355129152748397,-0.04168982315784412,-0.00028862370268324796,-0.13749422646279155,0.08883662395228438,-0.06297136325612816,-0.05464865873916459,-0.054167719402355485,-0.25137235309765676,0.018452815815337607
0,0,0.24004595277813676,,0,adam,7,0.03,6,0.00012291378060206746,0.01567888902965178,0.4891369731662927,0.600291217093167,-1,0.4891369731662927,0.600291217093167,-1,False,0.600291217093167,False,False,forward_budget,False,251,500,250,250,1.678026667010272,0.012820250005461276,1.6908469170157332,12,46.69863128319354,-0.600291217093167,0.5347269461452973,-0.17920645582536132,-0.07004082340181318,0.3619307401918679,-0.022199749004604162,0.1348312536325865,-0.05874636134291906,-0.0844799568160967,-0.21099941905093364,-0.18490146291655712,0.0550237241556288
0,0,0.24004595277813676,,0,bfgs,7,0.03,6,0.00012291377389453753,0.01567888860184532,0.4890980058141619,0.6002384128436187,-1,0.4890980058141619,0.6002384128436187,-1,False,0.6002384128436187,False,False,gradient_tolerance,True,79,88,88,88,0.49717250000685453,0.012820250005461276,0.5099927500123158,12,46.69863128319354,-0.6002384128436187,0.5346653494564256,-0.17918071111679368,-0.07001493961248015,0.3618669852420573,-0.02218747801043363,0.1348146497366898,-0.05874928809011445,-0.08451142581481003,-0.2110183700215559,-0.18491377668826597,0.055036896086015745
0,0,0.24004595277813676,,0,gn,7,0.03,6,3.157411901562287e-05,0.00794658656476136,0.11454829072246082,0.16975380056652567,-1,0.11454829072246082,0.16975380056652567,-1,False,0.16975380056652567,False,False,loss_tolerance,True,50,110,50,50,0.4918422499904409,0.012820250005461276,0.5046624999959022,12,46.69863128319354,0.0645431545439052,0.011927566957870284,-0.40102344883210345,-0.022912566959789667,-0.09340712870816668,-0.2502461994334743,-0.04356151891824788,-0.05160702887216667,0.10352246902833172,0.012435525955793126,-0.054884588145432095,-0.00965730141850507
0,0,0.24004595277813676,,0,lm,7,0.03,6,0.00012291377389455493,0.01567888860184643,0.48909809267442705,0.6002385485821492,-1,0.48909809267442705,0.6002385485821492,-1,False,0.6002385485821492,False,False,loss_tolerance,True,29,58,29,29,0.2562200000102166,0.012820250005461276,0.2690402500156779,12,46.69863128319354,-0.6002385485821492,0.5346655372612035,-0.17918071604156469,-0.07001493337642108,0.3618669685681556,-0.022187470631891013,0.13481462342765826,-0.05874928959077318,-0.08451143124598602,-0.2110183283318456,-0.18491377067818496,0.05503689678433875
0,0,0.24004595277813676,,0,trf,7,0.03,6,0.00012291377389456198,0.01567888860184688,0.4890981094195711,0.600238574974571,-1,0.4890981094195711,0.600238574974571,-1,False,0.600238574974571,False,False,loss_tolerance,True,,49,25,1,0.24492362499586307,0.012820250005461276,0.25774387500132434,12,46.69863128319354,-0.600238574974571,0.5346655728416367,-0.17918071703127528,-0.07001493237601124,0.3618669656242798,-0.022187469009821915,0.13481461828656155,-0.058749289886927285,-0.08451143226590817,-0.21101832103360338,-0.18491376937894702,0.055036897069241315
0,0,0.24004595277813676,,0,momentum,8,0.03,7,0.0003376882318745369,0.02598800615185924,0.23046155526531698,0.3059118175247723,-1,0.23046155526531698,0.3059118175247723,-1,False,0.3059118175247723,False,False,forward_budget,False,251,500,250,250,1.6425570829887874,0.012820250005461276,1.6553773329942487,12,46.69863128319354,-0.0638256910563527,0.01702594161166081,-0.05258202598954164,-0.08085000264852397,0.009899369834928128,-0.11408818247522766,0.040474450389296646,-0.016956156409066243,-0.09636173035155302,-0.017406455585980366,-0.2866476155119009,-0.0004340308152377551
0,0,0.24004595277813676,,0,adam,8,0.03,7,0.00012291378306686224,0.015678889186856462,0.48913631695264714,0.6002823960396173,-1,0.48913631695264714,0.6002823960396173,-1,False,0.6002823960396173,False,False,forward_budget,False,251,500,250,250,1.533276875008596,0.012820250005461276,1.5460971250140574,12,46.69863128319354,-0.6002823960396173,0.534731551397064,-0.1792098849668014,-0.07004976008990552,0.36194008339622585,-0.022207181411480224,0.1348349408549308,-0.05874522863020599,-0.08447211385847973,-0.21099904204326628,-0.18489935318221523,0.05502532596470436
0,0,0.24004595277813676,,0,bfgs,8,0.03,7,8.69824691854877e-05,0.013189576883697802,0.36283027287621916,0.4233521613626442,1,0.36283027287621916,0.4233521613626442,1,False,0.4233521613626442,False,False,gradient_tolerance,True,80,86,86,86,0.39568229200085625,0.012820250005461276,0.4085025420063175,12,46.69863128319354,-0.4233521613626442,0.0027669276278000634,0.028056180572229007,-0.5283015955809118,0.005350975706970939,0.07562744172543619,0.03436689409511232,-0.06953725202624823,-0.3352690622113485,-0.028097221454481364,-0.14469438239954327,-0.007881463792912633
0,0,0.24004595277813676,,0,gn,8,0.03,7,8.698246918548951e-05,0.013189576883697937,0.36283027304119536,0.42335215781788393,1,0.36283027304119536,0.42335215781788393,1,False,0.42335215781788393,False,False,loss_tolerance,True,15,33,15,15,0.1239070419978816,0.012820250005461276,0.13672729200334288,12,46.69863128319354,-0.42335215781788393,0.0027669903015414064,0.028056179258380207,-0.5283015928937358,0.005350937812176734,0.07562744207906598,0.03436688595622579,-0.06953725181888647,-0.33526906471079765,-0.028097202929044624,-0.14469438280709376,-0.00788146247303213
0,0,0.24004595277813676,,0,lm,8,0.03,7,0.00012291377389455753,0.015678888601846595,0.48909791323007323,0.6002382685633977,-1,0.48909791323007323,0.6002382685633977,-1,False,0.6002382685633977,False,False,loss_tolerance,True,31,62,31,31,0.265988916013157,0.012820250005461276,0.27880916601861827,12,46.69863128319354,-0.6002382685633977,0.5346651484020943,-0.1791807058758887,-0.0700149459287923,0.3618670030160591,-0.02218748525102939,0.13481467799681127,-0.05874928636509394,-0.08451142033035927,-0.21101841515917097,-0.18491378377249998,0.05503689506298535
0,0,0.24004595277813676,,0,trf,8,0.03,7,8.698246918549349e-05,0.013189576883698241,0.36283027285904745,0.4233521686549654,1,0.36283027285904745,0.4233521686549654,1,False,0.4233521686549654,False,False,loss_tolerance,True,,39,20,1,0.19211012500454672,0.012820250005461276,0.204930375010008,12,46.69863128319354,-0.4233521686549654,0.0027668151688741375,0.02805618301743417,-0.5283016003564647,0.005351043150914322,0.07562744101877526,0.034366908886419086,-0.06953725224317062,-0.3352690578975166,-0.028097254416163425,-0.14469438174890362,-0.007881466368983504
0,0,0.24004595277813676,,0,gd,8,0.03,7,0.00010683917262759162,0.014617740771240378,0.31409108268714975,0.3970383651496582,1,0.31409108268714975,0.3970383651496582,1,False,0.3970383651496582,False,False,forward_budget,False,251,500,250,250,1.6220747079933062,0.012820250005461276,1.6348949579987675,12,46.69863128319354,-0.15697225336003098,0.034159177483690455,-0.011131084746587075,-0.46716623424177867,0.024797279431939854,0.022961634850341806,0.027074830801776084,-0.0388595522030074,-0.33792245415897676,-0.034696476705415404,-0.17503321336867045,-0.010070410435956897
0,0,0.24004595277813676,,0,adam,9,0.03,8,3.1609691689246774e-05,0.007951061776800225,0.11362135162658671,0.16784485425289158,1,0.11362135162658671,0.16784485425289158,1,False,0.16784485425289158,False,False,forward_budget,False,251,500,250,250,1.7290874999889638,0.012820250005461276,1.741907749994425,12,46.69863128319354,-0.0533901835971099,0.025654681608650448,0.3986090360215318,0.024605994620525224,0.05068293204226823,0.2521551457471084,0.03759407569161105,0.052467038439084894,-0.10926931103828715,0.00032718852301915306,0.05358598272509684,0.014211782554988108
0,0,0.24004595277813676,,0,bfgs,9,0.03,8,1.1835262821299594e-20,1.5385228513934781e-10,1.7200620149053231e-09,1.9830209325790266e-09,1,1.7200620149053231e-09,1.9830209325790266e-09,1,False,1.9830209325790266e-09,False,True,gradient_tolerance,True,80,87,87,87,0.42626354200183414,0.012820250005461276,0.4390837920072954,12,46.69863128319354,1.9830209325790266e-09,-1.7985912725720502e-09,0.3099999999433786,-0.11999999912467899,0.0700000015605191,0.4200000005252431,0.05000000039863553,6.866428985365247e-10,-1.7706703392905523e-09,-3.4945616299361426e-10,-8.033632832870805e-10,-2.772411881212327e-10
0,0,0.24004595277813676,,0,gn,9,0.03,8,1.0308255743981742e-26,1.4358450991650695e-13,1.83314964368015e-12,2.4093289024259543e-12,1,1.83314964368015e-12,2.4093289024259543e-12,1,False,2.4093289024259543e-12,True,True,gradient_tolerance,True,7,18,7,7,0.05800979200284928,0.012820250005461276,0.07083004200831056,12,46.69863128319354,2.4093289024259543e-12,-2.067116694906798e-12,0.30999999999923095,-0.11999999999944824,0.07000000000132295,0.4200000000001565,0.05000000000016858,2.7647424814159574e-13,-1.434310082679237e-12,-3.283364004696377e-14,6.049198388018403e-14,-4.3486201360181046e-13
0,0,0.24004595277813676,,0,lm,9,0.03,8,5.377695977350443e-21,1.0370820582143385e-10,2.4055360082224283e-09,3.181903079560204e-09,1,2.4055360082224283e-09,3.181903079560204e-09,1,False,3.181903079560204e-09,False,True,gradient_tolerance,True,18,35,18,18,0.1468954999872949,0.012820250005461276,0.15971574999275617,12,46.69863128319354,-3.181903079560204e-09,-1.5473706444012584e-09,0.31000000059062266,-0.12000000172219084,0.07000000201328764,0.41999999915930714,0.05000000002422959,-4.0408501249994557e-10,3.080992128917479e-09,-3.5870524977311597e-10,5.952960637014825e-10,-1.1528171159742542e-10
0,0,0.24004595277813676,,0,trf,9,0.03,8,3.1574119015625933e-05,0.007946586564761745,0.11454828516872081,0.16975379733135243,1,0.11454828516872081,0.16975379733135243,1,False,0.16975379733135243,False,False,loss_tolerance,True,,84,42,1,0.4663430829823483,0.012820250005461276,0.47916333298780955,12,46.69863128319354,-0.06454313952868239,-0.011927522431420869,0.40102344484341207,0.022912568921412937,0.09340707744514078,0.25024620266864755,0.04356151212255286,0.05160702991076589,-0.10352247633551417,-0.012435511111601192,0.054884586276699746,0.009657306970755848
0,0,0.24004595277813676,,0,gd,9,0.03,8,3.207773428613528e-05,0.008009710891928033,0.11379929616025473,0.16654833950536563,1,0.11379929616025473,0.16654833950536563,1,False,0.16654833950536563,False,False,forward_budget,False,251,500,250,250,1.5531124580011237,0.012820250005461276,1.565932708006585,12,46.69863128319354,-0.019163700854518333,0.016114370809540764,0.39671474167380805,0.02874020627063254,0.03464335086553224,0.25345166049463436,0.03542428216580142,0.054983722216595095,-0.1276078140328602,-0.006671298057177053,0.050959039143386585,0.012445090596926334
0,0,0.24004595277813676,,0,momentum,9,0.03,8,0.0002896155427151645,0.02406722014338858,0.17377738997053632,0.22409514739130357,1,0.17377738997053632,0.22409514739130357,1,False,0.22409514739130357,False,False,forward_budget,False,251,500,250,250,1.6718885829905048,0.012820250005461276,1.684708832995966,12,46.69863128319354,-0.015346337005966625,-0.016304165030039768,0.1146607348388335,-0.007754176424864103,-0.0011908248857092612,0.19590485260869642,0.026140180027247464,0.19417261310605546,-0.009088474923533006,-0.014590308996906907,0.06951368144405502,0.009986559552820046
0,0,0.24004595277813676,,0,bfgs,10,0.03,9,8.698246918548762e-05,0.013189576883697795,0.36283027300075504,0.4233521617867906,-1,0.36283027300075504,0.4233521617867906,-1,False,0.4233521617867906,False,False,gradient_tolerance,True,81,91,91,91,0.4339991250017192,0.012820250005461276,0.4468193750071805,12,46.69863128319354,0.4233521617867906,-0.0027669276770583796,-0.028056180612554434,0.5283015955703096,-0.005350975453825154,-0.0756274417273486,-0.03436689416605245,0.06953725198631648,0.3352690622815584,0.028097221323150998,0.1446943824219053,0.007881463871183814
0,0,0.24004595277813676,,0,gn,10,0.03,9,8.698246918549502e-05,0.013189576883698356,0.3628302730871581,0.4233521537943973,-1,0.3628302730871581,0.4233521537943973,-1,False,0.4233521537943973,False,False,loss_tolerance,True,18,41,18,18,0.1525386669964064,0.012820250005461276,0.16535891700186767,12,46.69863128319354,0.4233521537943973,-0.0027670538887244397,-0.02805617787937045,0.5283015901856397,-0.005350899568683304,-0.07562744244382041,-0.034366877629158445,0.06953725165266508,0.3352690671821581,0.028097184237438188,0.1446943831951993,0.00788146105745491
0,0,0.24004595277813676,,0,lm,10,0.03,9,8.698246918548957e-05,0.013189576883697943,0.36283027264518136,0.42335215601333803,-1,0.36283027264518136,0.42335215601333803,-1,False,0.42335215601333803,False,False,loss_tolerance,True,28,56,28,28,0.2359299999952782,0.012820250005461276,0.24875025000073947,12,46.69863128319354,0.42335215601333803,-0.0027669910510896034,-0.028056178958073164,0.5283015929059061,-0.005350937421603953,-0.07562744168156851,-0.034366885826750085,0.06953725157336693,0.3352690646865842,0.02809720275635959,0.14469438288482658,0.007881462436116048
0,0,0.24004595277813676,,0,trf,10,0.03,9,8.698246918549093e-05,0.013189576883698047,0.36283027289405,0.42335216689762484,-1,0.36283027289405,0.42335216689762484,-1,False,0.42335216689762484,False,False,loss_tolerance,True,,35,18,1,0.16679108300013468,0.012820250005461276,0.17961133300559595,12,46.69863128319354,0.42335216689762484,-0.0027668438889904986,-0.028056182403491014,0.5283015991351266,-0.005351025875248374,-0.07562744119664391,-0.034366905126186204,0.06953725217573319,0.33526905901456283,0.028097245972551838,0.14469438192060466,0.007881465729922215
0,0,0.24004595277813676,,0,gd,10,0.03,9,0.000106510520533547,0.01459524035660578,0.3149838292821731,0.39974304033083247,-1,0.3149838292821731,0.39974304033083247,-1,False,0.39974304033083247,False,False,forward_budget,False,251,500,250,250,1.5103734580043238,0.012820250005461276,1.523193708009785,12,46.69863128319354,0.1488678616663618,-0.05186013777860914,0.010074295599134246,0.4754534995515542,-0.03137908835248649,-0.020256959669167532,-0.024956081652642736,0.03881985276919946,0.337448041089123,0.033449862435200595,0.17248212994329631,0.013098718245042652
0,0,0.24004595277813676,,0,momentum,10,0.03,9,0.0003292203014144239,0.025660097482839924,0.23687141729615382,0.31081277129874807,1,0.23687141729615382,0.31081277129874807,1,False,0.31081277129874807,False,False,forward_budget,False,251,500,250,250,1.5157422090123873,0.012820250005461276,1.5285624590178486,12,46.69863128319354,0.05222181039699117,-0.04580946369032044,0.04538551906063246,0.09318520708535297,-0.014135803474150145,0.10918722870125194,-0.03164184851922237,0.018051484022456484,0.11129488366260477,0.03674331386528228,0.2853257757197295,-0.014636150350905437
0,0,0.24004595277813676,,0,adam,10,0.03,9,0.00012291377589967057,0.015678888729732766,0.48913956775578316,0.6003166463700725,1,0.48913956775578316,0.6003166463700725,1,False,0.6003166463700725,False,False,forward_budget,False,251,500,250,250,1.7523160839919,0.012820250005461276,1.7651363339973614,12,46.69863128319354,0.6003166463700725,-0.5347291074279202,0.17918178109409041,0.0700066122154258,-0.36186606551118344,0.022175343754217185,-0.13480318281629403,0.058750349480600844,0.08451697378712268,0.21102015485398287,0.18491197473034734,-0.05504096045299415
0,0,0.24004595277813676,,0,gn,11,0.1,0,8.698246918548967e-05,0.013189576883697951,0.36283027290754505,0.42335216576826945,-1,0.36283027290754505,0.42335216576826945,-1,False,0.42335216576826945,False,False,loss_tolerance,True,17,41,17,17,0.14578399999300018,0.012820250005461276,0.15860424999846146,12,46.69863128319354,0.42335216576826945,-0.0027668617779517627,-0.02805618201595578,0.52830159837316,-0.005351015116158094,-0.0756274412998806,-0.0343669027835969,0.06953725212934203,0.3352690597098872,0.02809724071395636,0.14469438202971927,0.007881465331734935
0,0,0.24004595277813676,,0,lm,11,0.1,0,8.698246918549006e-05,0.01318957688369798,0.36283027066004125,0.423352156054606,-1,0.36283027066004125,0.423352156054606,-1,False,0.423352156054606,False,False,loss_tolerance,True,24,48,24,24,0.20420512498822063,0.012820250005461276,0.2170253749936819,12,46.69863128319354,0.423352156054606,-0.0027668583149093847,-0.02805618048874692,0.528301598750268,-0.0053510175132490375,-0.07562743901258577,-0.03436690305868109,0.0695372507648706,0.3352690592786347,0.02809724199635375,0.14469438242933938,0.007881465287985815
0,0,0.24004595277813676,,0,trf,11,0.1,0,8.698246918549447e-05,0.013189576883698314,0.3628302730612877,0.42335215398985476,-1,0.3628302730612877,0.42335215398985476,-1,False,0.42335215398985476,False,False,loss_tolerance,True,,39,20,1,0.18829074999666773,0.012820250005461276,0.201111000002129,12,46.69863128319354,0.42335215398985476,-0.0027670492112146544,-0.02805617796435574,0.5283015903882174,-0.005350902384992301,-0.0756274423938487,-0.034366878239807,0.06953725165078078,0.33526906699706405,0.02809718561518715,0.14469438317055003,0.007881461160242707
0,0,0.24004595277813676,,0,gd,11,0.1,0,0.00010815911130565094,0.014707760625306012,0.31681218083025575,0.4030138599255469,-1,0.31681218083025575,0.4030138599255469,-1,False,0.4030138599255469,False,False,forward_budget,False,251,500,250,250,1.5071651659964118,0.012820250005461276,1.519985416001873,12,46.69863128319354,0.13912307467948964,-0.07485061168595063,0.012192201533850444,0.48137967117319475,-0.05397964883221509,-0.016986140074453072,-0.02232601256827496,0.03688168786623079,0.33579931020312476,0.03584945787196152,0.17116907968861889,0.019425507861406757
0,0,0.24004595277813676,,0,momentum,11,0.1,0,0.0002888316465716463,0.024034626960768343,0.2454484884258906,0.3281889193659545,1,0.2454484884258906,0.3281889193659545,1,False,0.3281889193659545,False,False,forward_budget,False,251,500,250,250,1.5346875000104774,0.012820250005461276,1.5475077500159387,12,46.69863128319354,0.05956946097470687,-0.07108888765957141,0.08292855752516039,0.1486674979721749,-0.10044383150417209,0.09181108063404547,-0.01771666659569044,-0.007011131912282556,0.13509859449092168,0.02512588988199172,0.2770328356046812,-0.0024530653217708595
0,0,0.24004595277813676,,0,adam,11,0.1,0,9.912038953736497e-05,0.014079800391863868,0.4411757803380405,0.5880285832718054,1,0.4411757803380405,0.5880285832718054,1,False,0.5880285832718054,False,False,forward_budget,False,251,500,250,250,1.6170532919932157,0.012820250005461276,1.629873541998677,12,46.69863128319354,0.5880285832718054,0.4882308240321451,0.21482444108687831,0.019462813784580164,0.3593745935994915,0.04022055740160472,0.14659589430569783,0.07482743449808768,0.05273400104280492,-0.18621949157144857,0.16596628312242628,0.08241175742214335
0,0,0.24004595277813676,,0,bfgs,11,0.1,0,8.69824691854877e-05,0.013189576883697802,0.3628302715185178,0.4233521560054379,-1,0.3628302715185178,0.4233521560054379,-1,False,0.4233521560054379,False,False,gradient_tolerance,True,81,87,87,87,0.4435872079920955,0.012820250005461276,0.4564074579975568,12,46.69863128319354,0.4233521560054379,-0.002766922328095804,-0.0280561803170271,0.5283015949786553,-0.0053509771656260665,-0.0756274404654469,-0.0343668946067575,0.0695372516630659,0.33526906337425777,0.028097223304830485,0.14469438292811615,0.007881463336609168
0,0,0.24004595277813676,,0,lm,12,0.1,1,9.910789526119328e-05,0.014078912973748596,0.4439744046268342,0.5911194139554101,1,0.4439744046268342,0.5911194139554101,1,False,0.5911194139554101,False,False,loss_tolerance,True,21,42,21,21,0.18420020898338407,0.012820250005461276,0.19702045898884535,12,46.69863128319354,0.5911194139554101,0.4946698781698421,0.21382318524990893,0.020536233948973602,0.3585382457073199,0.04032903083265847,0.14555212530776931,0.07524677400056747,0.053259237172605736,-0.1858829090299752,0.16525836351608125,0.08277825192537844
0,0,0.24004595277813676,,0,trf,12,0.1,1,9.910789526120267e-05,0.014078912973749264,0.44397424185418854,0.5911191745969898,1,0.44397424185418854,0.5911191745969898,1,False,0.5911191745969898,False,False,loss_tolerance,True,,41,21,1,0.19827170800999738,0.012820250005461276,0.21109195801545866,12,46.69863128319354,0.5911191745969898,0.4946695257397154,0.2138231918452798,0.020536239989713774,0.3585383452511823,0.04032904241619712,0.14555218424693175,0.0752467700432926,0.053259226859162984,-0.18588298576165765,0.16525837775520819,0.0827782415810866
0,0,0.24004595277813676,,0,gd,12,0.1,1,0.00012796491896767116,0.01599780728522951,0.21075187398748857,0.25922664083700514,1,0.21075187398748857,0.25922664083700514,1,False,0.25922664083700514,False,False,forward_budget,False,251,500,250,250,1.5442195830109995,0.012820250005461276,1.5570398330164608,12,46.69863128319354,0.05695952463874942,0.2345571117292025,0.2545854648115738,0.11434130307754382,0.2275946476004599,0.16077335916299484,0.18635639367872445,0.030551823961198474,0.006480168133273223,-0.13313902346486708,0.1463433373386337,0.055768870180889656
0,0,0.24004595277813676,,0,momentum,12,0.1,1,0.000247188786260008,0.022234603043904698,0.1956953025680107,0.2787578594455378,1,0.1956953025680107,0.2787578594455378,1,False,0.2787578594455378,False,False,forward_budget,False,251,500,250,250,1.800729999988107,0.012820250005461276,1.8135502499935683,12,46.69863128319354,0.04419243206364731,0.13377870732765074,0.12029969281299656,-0.03444321540991944,0.059081290522161406,0.14124214055446216,0.1654887112521531,0.0951821052243362,0.06912957221960495,-0.13260371546564143,0.1900553857058133,0.07257357142358839
0,0,0.24004595277813676,,0,adam,12,0.1,1,9.910789932476209e-05,0.014078913262376617,0.44403972951461773,0.5912318623150564,1,0.44403972951461773,0.5912318623150564,1,False,0.5912318623150564,False,False,forward_budget,False,251,500,250,250,1.5449894999910612,0.012820250005461276,1.5578097499965224,12,46.69863128319354,0.5912318623150564,0.4947625742001703,0.21382184264351292,0.020523666587511733,0.35853914579961077,0.040307182033467344,0.14553183785421328,0.07525033918083246,0.05327321913141483,-0.1858893859757287,0.16525680973871748,0.08278643441892825
0,0,0.24004595277813676,,0,bfgs,12,0.1,1,9.912958941254132e-05,0.014080453786191787,0.457512769603514,0.7316660269921162,1,0.457512769603514,0.7316660269921162,1,False,0.7316660269921162,False,False,gradient_tolerance,True,86,123,123,123,0.629397084005177,0.012820250005461276,0.6422173340106383,12,46.69863128319354,-0.3565897374755397,0.7316660269921162,0.2564773952447976,0.3242072330242804,0.02964486956202335,0.20643645177881004,0.1451252004546521,0.033672972831065344,0.09851059846097579,-0.0451724586048406,0.08568501547935169,0.05924446845980735
0,0,0.24004595277813676,,0,gn,12,0.1,1,9.91295894126813e-05,0.014080453786201728,0.45751245411029917,0.7316654907930669,1,0.45751245411029917,0.7316654907930669,1,False,0.7316654907930669,False,False,loss_tolerance,True,55,112,55,55,0.5142313750111498,0.012820250005461276,0.5270516250166111,12,46.69863128319354,-0.3565892846377927,0.7316654907930669,0.25647722507351584,0.32420722647153893,0.029645359702343672,0.20643657460010723,0.14512517991695073,0.033672986299272525,0.09851037208984255,-0.04517263242791159,0.08568500862945479,0.059244513927648144
0,0,0.24004595277813676,,0,trf,13,0.1,2,9.912958941257557e-05,0.01408045378619422,0.4575126022329601,0.7316657439218878,1,0.4575126022329601,0.7316657439218878,1,False,0.7316657439218878,False,False,loss_tolerance,True,,49,25,1,0.2678590840077959,0.012820250005461276,0.2806793340132572,12,46.69863128319354,-0.3565895034405981,0.7316657439218878,0.25647730713113726,0.324207217554664,0.02964513642446219,0.20643651517891753,0.14512519537512536,0.033672981316736204,0.09851048633581395,-0.04517253741721018,0.08568501698770549,0.05924448723746041
0,0,0.24004595277813676,,0,gd,13,0.1,2,0.0001291035214980773,0.016068822078676288,0.17266353400943193,0.23422849864396303,1,0.17266353400943193,0.23422849864396303,1,False,0.23422849864396303,False,False,forward_budget,False,251,500,250,250,1.6820436669804621,0.012820250005461276,1.6948639169859234,12,46.69863128319354,-0.055003709649125286,0.13665783954706945,0.29738987965206254,0.11422849864396303,0.1984070659925628,0.19649545754517023,0.1906922570053264,0.012139365150478493,-0.025154616473068523,-0.11029285947562532,0.14038963233140167,0.041373073845386174
0,0,0.24004595277813676,,0,momentum,13,0.1,2,0.0002525268611204637,0.02247340032662898,0.1769116960044245,0.23961387852983138,1,0.1769116960044245,0.23961387852983138,1,False,0.23961387852983138,False,False,forward_budget,False,251,500,250,250,1.4984553749964107,0.012820250005461276,1.511275625001872,12,46.69863128319354,-0.02242493569940327,0.006231592371186468,0.14093782314912698,0.05538308702030035,0.0645875611810143,0.1803861214701686,0.20414347807845676,0.09315747748264458,-0.0008516600813832147,-0.12819864673094786,0.15550221346060614,0.04355179367671657
0,0,0.24004595277813676,,0,adam,13,0.1,2,0.00010060129597630256,0.014184589946579531,0.41015351678928763,0.6542167793663809,1,0.41015351678928763,0.6542167793663809,1,False,0.6542167793663809,False,False,forward_budget,False,251,500,250,250,1.5005916669906583,0.012820250005461276,1.5134119169961195,12,46.69863128319354,-0.28483749348465875,0.6542167793663809,0.24140832164161852,0.3066576183284436,0.09001439898064939,0.21502167876945633,0.14903962442627391,0.035785939637152334,0.07359364181557254,-0.06003655637857721,0.08822955400393971,0.06137033617490341
0,0,0.24004595277813676,,0,bfgs,13,0.1,2,9.912958941254139e-05,0.014080453786191792,0.4575127729097763,0.7316660316780448,1,0.4575127729097763,0.7316660316780448,1,False,0.7316660316780448,False,False,gradient_tolerance,True,84,95,95,95,0.433955957996659,0.012820250005461276,0.44677620800212026,12,46.69863128319354,-0.3565897443522488,0.7316660316780448,0.25647739611232995,0.32420723387180517,0.029644871324575054,0.20643645229540697,0.14512520046641667,0.03367297271186735,0.09851060168725348,-0.045172456114666526,0.08568501587684489,0.05924446693749223
0,0,0.24004595277813676,,0,gn,13,0.1,2,9.910789526119455e-05,0.014078912973748687,0.44397426177799393,0.5911192038016623,1,0.44397426177799393,0.5911192038016623,1,False,0.5911192038016623,False,False,loss_tolerance,True,23,47,23,23,0.18654837500071153,0.012820250005461276,0.1993686250061728,12,46.69863128319354,0.5911192038016623,0.4946695685307788,0.2138231906736767,0.020536239119763284,0.3585383334364021,0.04032904080994806,0.1455521768003066,0.07524677066585872,0.0532592286805644,-0.18588297709490445,0.16525837598064078,0.08277824310213502
0,0,0.24004595277813676,,0,lm,13,0.1,2,9.910789526119903e-05,0.014078912973749006,0.4439742508599439,0.5911191880788483,1,0.4439742508599439,0.5911191880788483,1,False,0.5911191880788483,False,False,loss_tolerance,True,25,50,25,25,0.22743695799726993,0.012820250005461276,0.2402572080027312,12,46.69863128319354,0.5911191880788483,0.49466954435596544,0.21382319135995226,0.020536239799980788,0.35853834024364145,0.04032904141783506,0.14555218087205368,0.07524677036400419,0.053259227596967725,-0.18588298255569427,0.16525837688630635,0.08277824234694207
0,0,0.24004595277813676,,0,gd,14,0.1,3,0.00010271094501641665,0.014332546529937843,0.32007456236622656,0.40770797250690827,-1,0.32007456236622656,0.40770797250690827,-1,False,0.40770797250690827,False,False,forward_budget,False,251,500,250,250,1.5487262079841457,0.012820250005461276,1.561546457989607,12,46.69863128319354,0.13319263660162628,-0.06677669778697774,-0.0003459893919916062,0.5181612472433325,0.0015933384893406018,-0.012292027493091731,-0.021368975409766348,0.042205540928933236,0.33488630230581856,0.02237379878777779,0.15857490600369453,0.007939042839131287
0,0,0.24004595277813676,,0,momentum,14,0.1,3,0.00035844438159996465,0.02677477849021219,0.27180060507448267,0.529542768992906,-1,0.27180060507448267,0.529542768992906,-1,False,0.35278909944785974,False,False,forward_budget,False,251,500,250,250,1.492671958025312,0.012820250005461276,1.5054922080307733,12,46.69863128319354,0.021737760669850063,-0.09787752143344967,-0.04278909944785974,0.1598685618173268,0.05953871734828059,0.10954276899290602,-0.04339103708675181,0.06467658302478209,0.11806961164450305,0.01485859765659094,0.26199962014641404,-0.013904697227153104
0,0,0.24004595277813676,,0,adam,14,0.1,3,0.0001229137930288236,0.01567888982223063,0.48922047605538416,0.6004812117333433,1,0.48922047605538416,0.6004812117333433,1,False,0.6004812117333433,False,False,forward_budget,False,251,500,250,250,1.519877999991877,0.012820250005461276,1.5326982499973383,12,46.69863128319354,0.6004812117333433,-0.5348395125549135,0.17918510375491295,0.06997987937610879,-0.3618609274010342,0.022144119345499286,-0.13478007954588128,0.05875297456633877,0.08453120229651523,0.21102833047100789,0.18491266716439167,-0.055051288418454525
0,0,0.24004595277813676,,0,bfgs,14,0.1,3,8.698246918548762e-05,0.013189576883697795,0.36283027343450497,0.4233521635849572,-1,0.36283027343450497,0.4233521635849572,-1,False,0.4233521635849572,False,False,gradient_tolerance,True,76,80,80,80,0.38205320900306106,0.012820250005461276,0.39487345900852233,12,46.69863128319354,0.4233521635849572,-0.0027669268709921034,-0.028056181053413055,0.5283015954695921,-0.005350974168074419,-0.07562744153666574,-0.03436689452355242,0.0695372521880136,0.33526906212769436,0.02809722099953385,0.14469438237305707,0.00788146398362714
0,0,0.24004595277813676,,0,gn,14,0.1,3,8.698246918549096e-05,0.013189576883698048,0.3628302730371917,0.42335215634615564,-1,0.3628302730371917,0.42335215634615564,-1,False,0.42335215634615564,False,False,loss_tolerance,True,14,29,14,14,0.11711445800028741,0.012820250005461276,0.1299347080057487,12,46.69863128319354,0.42335215634615564,-0.0027670122629357727,-0.02805617877025254,0.5283015919544157,-0.005350924607459934,-0.07562744218742046,-0.03436688307932135,0.06953725175134823,0.3352690655635746,0.02809719647494418,0.1446943829466471,0.007881461983983642
0,0,0.24004595277813676,,0,lm,14,0.1,3,8.698246918549261e-05,0.013189576883698173,0.36283027282530433,0.4233521541585847,-1,0.36283027282530433,0.4233521541585847,-1,False,0.4233521541585847,False,False,loss_tolerance,True,21,42,21,21,0.17714445799356326,0.012820250005461276,0.18996470799902454,12,46.69863128319354,0.4233521541585847,-0.0027670309897800983,-0.028056178201304682,0.5283015911905423,-0.005350913406492899,-0.07562744206399097,-0.034366880611682284,0.06953725156257484,0.3352690662594991,0.028097191001022363,0.14469438309927862,0.00788146156365753
0,0,0.24004595277813676,,0,trf,14,0.1,3,8.698246918549051e-05,0.013189576883698014,0.36283027290103187,0.423352166575678,-1,0.36283027290103187,0.423352166575678,-1,False,0.423352166575678,False,False,gradient_tolerance,True,,39,20,1,0.18584249998093583,0.012820250005461276,0.1986627499863971,12,46.69863128319354,0.423352166575678,-0.0027668492104556876,-0.02805618229067863,0.5283015989072489,-0.0053510226744191685,-0.07562744123071928,-0.03436690442966148,0.06953725216405358,0.33526905922207406,0.028097244407792692,0.14469438195277592,0.00788146561176786
0,0,0.24004595277813676,,0,momentum,15,0.1,4,0.00031580697807904263,0.02513193100734771,0.21385818032998463,0.2666769880002605,-1,0.21385818032998463,0.2666769880002605,-1,False,0.2666769880002605,False,False,forward_budget,False,251,500,250,250,1.5293575419927947,0.012820250005461276,1.542177791998256,12,46.69863128319354,0.028873811979829564,-0.019794682275040797,-0.06011094863221668,-0.004945288314498401,-0.138242937997968,-0.15332301199973944,-0.16692877898138883,-0.13694068242821514,-0.05304669035789528,0.1591815242172367,-0.17366906566975887,-0.060965957819037055
0,0,0.24004595277813676,,0,adam,15,0.1,4,9.91079124003338e-05,0.014078914191111033,0.44398486718883534,0.5911380635648099,-1,0.44398486718883534,0.5911380635648099,-1,False,0.5911380635648099,False,False,forward_budget,False,251,500,250,250,1.529012958984822,0.012820250005461276,1.5418332089902833,12,46.69863128319354,-0.5911380635648099,-0.4946546141501118,-0.21388858318057252,-0.020562732214962826,-0.3586639144302146,-0.04033345422982498,-0.14558669501014138,-0.0752273886692501,-0.053224053113859957,0.1858732940858844,-0.1652553801662719,-0.08275266010552668
0,0,0.24004595277813676,,0,bfgs,15,0.1,4,9.912958941254138e-05,0.014080453786191792,0.4575127711418741,0.7316660293656504,-1,0.4575127711418741,0.7316660293656504,-1,False,0.7316660293656504,False,False,gradient_tolerance,True,86,91,91,91,0.4283419999992475,0.012820250005461276,0.44116225000470877,12,46.69863128319354,0.3565897397171382,-0.7316660293656504,-0.2564773954220337,-0.32420723401094487,-0.029644871183580616,-0.2064364517548143,-0.14512520063742002,-0.03367297290728968,-0.09851059973100791,0.04517245776697519,-0.08568501551553265,-0.05924446775711705
0,0,0.24004595277813676,,0,gn,15,0.1,4,3.157411901562356e-05,0.007946586564761446,0.11454828943735332,0.1697537998179231,-1,0.11454828943735332,0.1697537998179231,-1,False,0.1697537998179231,False,False,loss_tolerance,True,42,85,42,42,0.33235887499176897,0.012820250005461276,0.34517912499723025,12,46.69863128319354,0.06454315106946004,0.011927556654681523,-0.40102344790914074,-0.0229125674136992,-0.09340711684616883,-0.2502462001820769,-0.043561517345759464,-0.05160702911249318,0.1035224707191761,0.012435522520924424,-0.05488458771301705,-0.009657302703267017
0,0,0.24004595277813676,,0,lm,15,0.1,4,9.910789526119584e-05,0.014078912973748779,0.44397441483937516,0.5911194285652827,-1,0.44397441483937516,0.5911194285652827,-1,False,0.5911194285652827,False,False,loss_tolerance,True,23,46,23,23,0.20898920798208565,0.012820250005461276,0.22180945798754692,12,46.69863128319354,-0.5911194285652827,-0.494669899034416,-0.21382318355935973,-0.020536233106454006,-0.35853824107328947,-0.040329029465712096,-0.14555212081199403,-0.07524677474888379,-0.0532592398391076,0.18588290678536798,-0.1652583625113594,-0.08277825346502958
0,0,0.24004595277813676,,0,trf,15,0.1,4,9.91078952611935e-05,0.014078912973748614,0.4439744117473133,0.5911194237247747,-1,0.4439744117473133,0.5911194237247747,-1,False,0.5911194237247747,False,False,loss_tolerance,True,,45,23,1,0.25800400000298396,0.012820250005461276,0.27082425000844523,12,46.69863128319354,-0.5911194237247747,-0.49466989117191207,-0.2138231824533677,-0.02053623278203321,-0.35853824412961677,-0.040329029042879674,-0.14555212114184443,-0.07524677513662763,-0.05325924151639543,0.18588291068942278,-0.1652583626747333,-0.08277825413096768
0,0,0.24004595277813676,,0,gd,15,0.1,4,0.0001280635437729294,0.016003970993033533,0.19473421244761188,0.2473885061588675,-1,0.19473421244761188,0.2473885061588675,-1,False,0.2473885061588675,False,False,forward_budget,False,251,500,250,250,1.834244249999756,0.012820250005461276,1.8470645000052173,12,46.69863128319354,0.0034350327280582493,-0.18130597520881034,-0.2705935260799781,-0.12234564020405393,-0.23501374573942624,-0.17261149384113247,-0.1934155610380834,-0.022250308688940252,0.000172262853603665,0.13452339642166955,-0.144730594193854,-0.04760058096903278
0,0,0.24004595277813676,,0,adam,16,0.1,5,9.910789527236386e-05,0.014078912974542024,0.4439731907302518,0.591117916460899,-1,0.4439731907302518,0.591117916460899,-1,False,0.591117916460899,False,False,forward_budget,False,251,500,250,250,1.5088774169853423,0.012820250005461276,1.5216976669908036,12,46.69863128319354,-0.591117916460899,-0.4946671308922404,-0.21382290235415635,-0.020535788252650306,-0.3585374573226766,-0.04032851240957035,-0.14555212406494886,-0.07524711338086137,-0.05325956242503483,0.18588406776079497,-0.16525850745505222,-0.0827782997105376
0,0,0.24004595277813676,,0,bfgs,16,0.1,5,8.698246918548776e-05,0.013189576883697806,0.36283027286465575,0.4233521612461469,1,0.36283027286465575,0.4233521612461469,1,False,0.4233521612461469,False,False,gradient_tolerance,True,89,98,98,98,0.44327654197695665,0.012820250005461276,0.4560967919824179,12,46.69863128319354,-0.4233521612461469,0.0027669265012376454,0.028056180647009064,-0.5283015956636147,0.005350975545219891,0.07562744150152882,0.03436689436624642,-0.06953725195665106,-0.3352690622094318,-0.028097221665663447,-0.144694382388336,-0.007881463718969852
0,0,0.24004595277813676,,0,gn,16,0.1,5,9.910789526119822e-05,0.014078912973748949,0.4439744236986714,0.5911194412746932,-1,0.4439744236986714,0.5911194412746932,-1,False,0.5911194412746932,False,False,loss_tolerance,True,22,45,22,22,0.17800412501674145,0.012820250005461276,0.19082437502220273,12,46.69863128319354,-0.5911194412746932,-0.49466991694220463,-0.21382318185595553,-0.02053623229825647,-0.3585382369185732,-0.04032902813269414,-0.14555211674121485,-0.07524677546926584,-0.053259242444086745,0.18588290527951648,-0.16525836161941979,-0.08277825496983295
0,0,0.24004595277813676,,0,lm,16,0.1,5,9.910789526118749e-05,0.014078912973748185,0.4439742851651131,0.5911192384064696,-1,0.4439742851651131,0.5911192384064696,-1,False,0.5911192384064696,False,False,loss_tolerance,True,23,46,23,23,0.19918454199796543,0.012820250005461276,0.2120047920034267,12,46.69863128319354,-0.5911192384064696,-0.49466961809195414,-0.21382318946584422,-0.020536238365003203,-0.35853831984194234,-0.040329038701488205,-0.14555216812990873,-0.07524677139482308,-0.05325923054363668,0.18588296745058802,-0.16525837383320394,-0.08277824488885097
0,0,0.24004595277813676,,0,trf,16,0.1,5,9.910789526120238e-05,0.014078912973749243,0.4439744335129746,0.5911194556446001,-1,0.4439744335129746,0.5911194556446001,-1,False,0.5911194556446001,False,False,loss_tolerance,True,,43,22,1,0.20251641698996536,0.012820250005461276,0.21533666699542664,12,46.69863128319354,-0.5911194556446001,-0.49466993801800835,-0.21382318128293626,-0.020536231870005923,-0.35853823116228484,-0.04032902734782108,-0.14555211307917043,-0.07524677577776037,-0.05325924334789432,0.18588290100827612,-0.1652583607455181,-0.0827782557156876
0,0,0.24004595277813676,,0,gd,16,0.1,5,0.0001177511897082931,0.015346086778608617,0.3167200473859884,0.37533533253948337,1,0.3167200473859884,0.37533533253948337,1,False,0.37533533253948337,False,False,forward_budget,False,251,500,250,250,1.6457404159882572,0.012820250005461276,1.6585606659937184,12,46.69863128319354,-0.25605833410054313,0.0044807174725502675,-0.018773385442430852,-0.3880541102362136,0.031052749571053483,0.04466466746051659,0.023128117370663816,-0.03758676926659564,-0.3285049553506835,-0.05242242749932479,-0.200158487023242,0.0003351443680994288
0,0,0.24004595277813676,,0,momentum,16,0.1,5,0.00040589505265387,0.028491930529673484,0.23721495913337964,0.28675830272631453,-1,0.23721495913337964,0.28675830272631453,-1,False,0.28675830272631453,False,False,forward_budget,False,251,500,250,250,1.5002491249761079,0.012820250005461276,1.5130693749815691,12,46.69863128319354,-0.16658139716529485,-0.04453951936374549,-0.034503519084319756,-0.009149782800714504,0.036832373460339615,-0.13324169727368548,-0.030556694544919463,-0.05138629333384641,-0.03110943387009234,0.023155895038166157,-0.27803187129216506,-0.03577705341862923
0,0,0.24004595277813676,,0,bfgs,17,0.1,6,0.00012291377389453756,0.015678888601845322,0.48909800510810975,0.6002384112997012,-1,0.48909800510810975,0.6002384112997012,-1,False,0.6002384112997012,False,False,gradient_tolerance,True,77,84,84,84,0.5576155410089996,0.012820250005461276,0.5704357910144608,12,46.69863128319354,-0.6002384112997012,0.534665347084957,-0.17918071167438251,-0.07001493926194943,0.3618669869909153,-0.022187476984014014,0.1348146508961756,-0.058749288114945036,-0.08451142577054635,-0.2110183711929085,-0.18491377730146044,0.055036894829971934
0,0,0.24004595277813676,,0,gn,17,0.1,6,0.00012291377389455623,0.015678888601846512,0.489098096398509,0.6002385546121619,-1,0.489098096398509,0.6002385546121619,-1,False,0.6002385546121619,False,False,loss_tolerance,True,27,59,27,27,0.5898612920136657,0.012820250005461276,0.6026815420191269,12,46.69863128319354,-0.6002385546121619,0.5346655447544625,-0.17918071627786453,-0.07001493325057345,0.3618669680564482,-0.022187470114667825,0.13481462224803156,-0.0587492896551192,-0.08451143148209385,-0.2110183271955738,-0.1849137703429069,0.05503689692763989
0,0,0.24004595277813676,,0,lm,17,0.1,6,0.00012291377389456062,0.015678888601846793,0.489097904477941,0.6002382543795982,-1,0.489097904477941,0.6002382543795982,-1,False,0.6002382543795982,False,False,loss_tolerance,True,24,48,24,24,0.29664070799481124,0.012820250005461276,0.3094609580002725,12,46.69863128319354,-0.6002382543795982,0.5346651306882598,-0.17918070546436163,-0.07001494632158141,0.36186700448951825,-0.022187486464538643,0.1348146808830174,-0.05874928618928169,-0.08451141962787964,-0.21101841778745375,-0.1849137845647531,0.05503689463798153
0,0,0.24004595277813676,,0,trf,17,0.1,6,0.00012291377389456835,0.015678888601847286,0.4890978889935734,0.6002382301740488,-1,0.4890978889935734,0.6002382301740488,-1,False,0.6002382301740488,False,False,loss_tolerance,True,,49,25,1,0.25835020799422637,0.012820250005461276,0.27117045799968764,12,46.69863128319354,-0.6002382301740488,0.5346650973503477,-0.17918070437085598,-0.07001494723607672,0.3618670071248569,-0.022187487766459596,0.1348146854292718,-0.058749285948091486,-0.08451141893075008,-0.2110184252674988,-0.18491378569601857,0.05503689460514871
0,0,0.24004595277813676,,0,gd,17,0.1,6,0.00016589286934226384,0.018214986650682115,0.29949677872795044,0.34145154274214967,-1,0.29949677872795044,0.34145154274214967,-1,False,0.34145154274214967,False,False,forward_budget,False,251,500,250,250,1.8310608329775278,0.012820250005461276,1.843881082982989,12,46.69863128319354,-0.21391797028233459,0.2545639818487172,-0.1622767119003421,-0.10293900057452224,0.2350097453112174,-0.0785484572578503,0.15580500408056197,-0.04519542797405524,-0.08932476521297292,-0.2162983636190665,-0.19056970222658484,0.05397046070244234
0,0,0.24004595277813676,,0,momentum,17,0.1,6,0.0003392698774989383,0.02604879565350146,0.24199050315117562,0.2824381736656658,-1,0.24199050315117562,0.2824381736656658,-1,False,0.2824381736656658,False,False,forward_budget,False,251,500,250,250,1.6309935830067843,0.012820250005461276,1.6438138330122456,12,46.69863128319354,-0.14575601411072323,0.09023157996405995,-0.04124640136408775,0.015499004693956103,-0.010584647799063266,-0.13756182633433414,0.16957196909979025,-0.09592972957532075,-0.03470103681893968,-0.1061399479814704,-0.22800520513956435,0.04192726179268905
0,0,0.24004595277813676,,0,adam,17,0.1,6,0.00012291377397664882,0.01567888860708238,0.48910598200257427,0.6002530173320717,-1,0.48910598200257427,0.6002530173320717,-1,False,0.6002530173320717,False,False,forward_budget,False,251,500,250,250,1.6432988749875221,0.012820250005461276,1.6561191249929834,12,46.69863128319354,-0.6002530173320717,0.5346788703668247,-0.17917988279666458,-0.07001434944870162,0.3618651389804555,-0.02218599342568454,0.13481232017111752,-0.05874983590194969,-0.08451170941019674,-0.2110184843894665,-0.18491279862722246,0.05503768706644888
0,0,0.24004595277813676,,0,gn,18,0.1,7,8.698246918549043e-05,0.013189576883698009,0.36283027278992175,0.4233521556768515,1,0.36283027278992175,0.4233521556768515,1,False,0.4233521556768515,False,False,loss_tolerance,True,13,27,13,13,0.10638658399693668,0.012820250005461276,0.11920683400239795,12,46.69863128319354,-0.4233521556768515,0.0027670050938898415,0.028056178732173382,-0.5283015923379927,0.0053509289440693015,0.07562744188012793,0.03436688399343438,-0.06953725160398845,-0.335269065236517,-0.02809719861847852,-0.14469438293249506,-0.007881462121945243
0,0,0.24004595277813676,,0,lm,18,0.1,7,8.698246918548947e-05,0.013189576883697936,0.36283025971112887,0.42335210084220376,1,0.36283025971112887,0.42335210084220376,1,False,0.42335210084220376,False,False,loss_tolerance,True,17,34,17,17,0.14549133297987282,0.012820250005461276,0.1583115829853341,12,46.69863128319354,-0.42335210084220376,0.002766960218791523,0.0280561704132394,-0.5283015955362207,0.005350957782225983,0.0756274284647319,0.03436688883722165,-0.06953724375535411,-0.33526906178243887,-0.028097213339260088,-0.14469438511756885,-0.007881462429457878
0,0,0.24004595277813676,,0,trf,18,0.1,7,8.698246918549016e-05,0.013189576883697988,0.3628302729068332,0.4233521662238357,1,0.3628302729068332,0.4233521662238357,1,False,0.4233521662238357,False,False,gradient_tolerance,True,,35,18,1,0.169090250012232,0.012820250005461276,0.18191050001769327,12,46.69863128319354,-0.4233521662238357,0.002766854876481749,0.028056182168664994,-0.5283015986666824,0.005351019266325604,0.07562744126458391,0.03436690368771054,-0.06953725214998253,-0.33526905944222174,-0.028097242742168828,-0.14469438198677578,-0.007881465485591469
0,0,0.24004595277813676,,0,gd,18,0.1,7,0.0001028582885701171,0.014342823192810899,0.3185863342978801,0.3808872851325676,1,0.3185863342978801,0.3808872851325676,1,False,0.3808872851325676,False,False,forward_budget,False,251,500,250,250,1.5285970830009319,0.012820250005461276,1.5414173330063932,12,46.69863128319354,-0.23055794159626836,0.049421165512925816,-0.003591437867185193,-0.45411847495051516,0.03541021563529904,0.0391127148674324,0.023089957264329664,-0.045929445945448164,-0.3374115248277674,-0.03695614508556884,-0.1768931792527942,-0.011639438960627378
0,0,0.24004595277813676,,0,momentum,18,0.1,7,0.0003064057258690271,0.02475502881715257,0.24452522518823705,0.342298770735362,-1,0.24452522518823705,0.342298770735362,-1,False,0.342298770735362,False,False,forward_budget,False,251,500,250,250,1.4398416250187438,0.012820250005461276,1.452661875024205,12,46.69863128319354,-0.14484958881077217,0.04478238766900228,-0.07022858375191623,-0.07045931397961429,0.03345058653467435,-0.07770122926463796,0.05267879301888975,-0.00221226630297744,-0.13563238619524262,-0.008499702564575377,-0.29688919795992563,-0.010139635541613049
0,0,0.24004595277813676,,0,adam,18,0.1,7,0.0001229137740438551,0.015678888611368798,0.4890956918129697,0.6002286121815812,-1,0.4890956918129697,0.6002286121815812,-1,False,0.6002286121815812,False,False,forward_budget,False,251,500,250,250,1.4740206669957843,0.012820250005461276,1.4868409170012455,12,46.69863128319354,-0.6002286121815812,0.5346670447870429,-0.17917800741629614,-0.07002135365639478,0.3618669360324923,-0.022191321184132223,0.1348154996039436,-0.05874972481093229,-0.08451036350902134,-0.2110186248538938,-0.18491230617216506,0.05503569660229634
0,0,0.24004595277813676,,0,bfgs,18,0.1,7,8.698246918548777e-05,0.013189576883697807,0.36283027502822535,0.42335216880116733,1,0.36283027502822535,0.42335216880116733,1,False,0.42335216880116733,False,False,gradient_tolerance,True,76,80,80,80,0.35402100000646897,0.012820250005461276,0.36684125001193024,12,46.69863128319354,-0.42335216880116733,0.0027669292762977876,0.0280561821594528,-0.5283015999597267,0.005350976186239769,0.07562744196902378,0.03436689284409459,-0.06953725239314924,-0.3352690589469984,-0.028097222098061557,-0.14469438150932865,-0.00788146315349641
0,0,0.24004595277813676,,0,lm,19,0.1,8,5.289507187573829e-20,3.252539680795249e-10,8.221298315814445e-09,1.0152271007862903e-08,1,8.221298315814445e-09,1.0152271007862903e-08,1,False,1.0152271007862903e-08,False,True,gradient_tolerance,True,14,27,14,14,0.11474337501567788,0.012820250005461276,0.12756362502113916,12,46.69863128319354,1.0152271007862903e-08,6.875709978075457e-09,0.30999999809951734,-0.11999999468368389,0.06999999203618906,0.4200000025051788,0.04999999967263811,1.313435276695534e-09,-9.573628786057716e-09,1.8903341980331516e-09,-1.802772568874813e-09,5.971855986167722e-10
0,0,0.24004595277813676,,0,trf,19,0.1,8,8.651732773147e-30,4.159743447172433e-15,1.5930955814176524e-14,1.9720336474904343e-14,1,1.5930955814176524e-14,1.9720336474904343e-14,1,False,1.9720336474904343e-14,True,True,gradient_tolerance,True,,13,7,1,0.06261720901238732,0.012820250005461276,0.0754374590178486,12,46.69863128319354,1.698055917361697e-14,5.237024420923022e-15,0.3099999999999884,-0.12000000000001972,0.06999999999999754,0.4200000000000105,0.0499999999999895,-1.663439215279427e-15,1.3450575599169507e-14,-6.903880788905842e-15,-3.39447038454224e-15,8.138584293168914e-15
0,0,0.24004595277813676,,0,gd,19,0.1,8,3.2153680902522356e-05,0.008019187103755886,0.11448230532786619,0.16613601910412495,1,0.11448230532786619,0.16613601910412495,1,False,0.16613601910412495,False,False,forward_budget,False,251,500,250,250,1.52269395798794,0.012820250005461276,1.5355142079934012,12,46.69863128319354,-0.06113493792418122,-0.011024770826858349,0.39733392882116153,0.02780292417432294,0.046058319871378726,0.25386398089587503,0.03716436616824752,0.05272836521564859,-0.11072393234209638,-0.018069626997425772,0.052827992533483435,0.008221345641113922
0,0,0.24004595277813676,,0,momentum,19,0.1,8,0.0002631350779559611,0.022940578805076436,0.1609470230235563,0.18066011136361976,1,0.1609470230235563,0.18066011136361976,1,False,0.18066011136361976,False,False,forward_budget,False,251,500,250,250,1.5188387499947567,0.012820250005461276,1.531659000000218,12,46.69863128319354,-0.08137085915239127,-0.06249779465028487,0.14025769019619427,-0.020419878889054104,-0.011845950840559793,0.24613990019797988,0.03622546894845022,0.18066011136361976,-0.033528312790832474,-0.026151793940308123,0.05926833605850424,-0.00025322595576683275
0,0,0.24004595277813676,,0,adam,19,0.1,8,3.16016206721789e-05,0.007950046625294584,0.11328823725115136,0.1679713622175114,1,0.11328823725115136,0.1679713622175114,1,False,0.1679713622175114,False,False,forward_budget,False,251,500,250,250,1.488047082995763,0.012820250005461276,1.5008673330012243,12,46.69863128319354,-0.05454471111262472,0.020285899422213437,0.39879856352864523,0.024431280493879996,0.056653137811950464,0.2520286377824886,0.0384801993368866,0.05237731947113492,-0.10868877510503284,-0.001532314035314476,0.05370425738586245,0.01353090508298007
0,0,0.24004595277813676,,0,bfgs,19,0.1,8,1.0824922497653179e-18,1.47138862967288e-09,5.546614774132647e-08,8.49591064353351e-08,1,5.546614774132647e-08,8.49591064353351e-08,1,False,8.49591064353351e-08,False,True,gradient_tolerance,True,75,82,82,82,0.42149270899244584,0.012820250005461276,0.4343129589979071,12,46.69863128319354,6.587384160595197e-09,8.49591064353351e-08,0.309999997972954,-0.11999999713105985,0.06999991837747377,0.41999999830132895,0.049999987978526526,2.1340817006408196e-09,-3.0091023476264567e-09,3.0274421872424926e-08,8.848714052989838e-11,9.811788192251631e-09
0,0,0.24004595277813676,,0,gn,19,0.1,8,1.199910777700775e-25,4.898797357925259e-13,4.559528317688481e-12,6.518751760803277e-12,1,4.559528317688481e-12,6.518751760803277e-12,1,False,6.518751760803277e-12,True,True,gradient_tolerance,True,7,15,7,7,0.06200875001377426,0.012820250005461276,0.07482900001923554,12,46.69863128319354,1.8174201210349839e-12,-6.518751760803277e-12,0.30999999999792227,-0.1200000000018024,0.07000000000537132,0.419999999999937,0.049999999997544904,2.5460353350677967e-14,2.295876935042898e-12,-2.90111601434305e-12,2.771238710541988e-13,6.900038280553681e-13
0,0,0.24004595277813676,,0,trf,20,0.1,9,8.698246918549117e-05,0.013189576883698064,0.36283027304838916,0.4233521562271637,-1,0.36283027304838916,0.4233521562271637,-1,False,0.4233521562271637,False,False,loss_tolerance,True,,31,16,1,0.2098064589954447,0.012820250005461276,0.22262670900090598,12,46.69863128319354,0.4233521562271637,-0.002767014742545191,-0.02805617872170449,0.5283015918516893,-0.005350923114249986,-0.07562744220958782,-0.0343668827549525,0.06953725174933019,0.3352690656600063,0.028097195745485668,0.14469438295888729,0.007881461928689878
0,0,0.24004595277813676,,0,gd,20,0.1,9,0.00010733302754992904,0.014651486446769082,0.32011119446571723,0.3899166323283302,-1,0.32011119446571723,0.3899166323283302,-1,False,0.3899166323283302,False,False,forward_budget,False,251,500,250,250,1.6341282089997549,0.012820250005461276,1.6469484590052161,12,46.69863128319354,0.19606664859214096,-0.10231844883015985,0.00918284707751195,0.4627278224913318,-0.05520644909335527,-0.030083367671669796,-0.016333787744489493,0.04102062223556094,0.3357661497526352,0.03446817978502775,0.17565046523735608,0.01985992502941179
0,0,0.24004595277813676,,0,momentum,20,0.1,9,0.00028918865378464216,0.024049476243138527,0.25290292906700823,0.3403601519852326,1,0.25290292906700823,0.3403601519852326,1,False,0.3403601519852326,False,False,forward_budget,False,251,500,250,250,1.5098837919940706,0.012820250005461276,1.522704041999532,12,46.69863128319354,0.105144870841302,-0.13052098371120574,0.0635550757418389,0.10016240246544826,-0.04126487024618539,0.07963984801476737,-0.018292607346783313,0.00473566672531415,0.15200744956696705,0.05137011586536263,0.28723209686843026,-0.024152491431602974
0,0,0.24004595277813676,,0,adam,20,0.1,9,0.00012291377397320995,0.015678888606863048,0.48910624617778425,0.6002524357802694,1,0.48910624617778425,0.6002524357802694,1,False,0.6002524357802694,False,False,forward_budget,False,251,500,250,250,1.5217443750007078,0.012820250005461276,1.534564625006169,12,46.69863128319354,0.6002524357802694,-0.5346786647838567,0.1791815643602,0.07001495146659435,-0.3618692664967892,0.02218587358226417,-0.13481298452129242,0.05874935852201907,0.08451161235667475,0.21101816778543017,0.18491270627795545,-0.05503694336037302
0,0,0.24004595277813676,,0,bfgs,20,0.1,9,8.69824691854877e-05,0.013189576883697802,0.36283027306268056,0.4233521628286585,-1,0.36283027306268056,0.4233521628286585,-1,False,0.4233521628286585,False,False,gradient_tolerance,True,80,86,86,86,0.4136806250025984,0.012820250005461276,0.42650087500805967,12,46.69863128319354,0.4233521628286585,-0.0027669278494799757,-0.028056179764514026,0.5283015936006737,-0.005350975253313802,-0.07562744191464156,-0.034366894088534945,0.06953725167654151,0.33526906156992586,0.028097221528260715,0.14469438281248906,0.007881463332894582
0,0,0.24004595277813676,,0,gn,20,0.1,9,8.6982469185495e-05,0.013189576883698354,0.36283027302710197,0.42335215352428224,-1,0.36283027302710197,0.42335215352428224,-1,False,0.42335215352428224,False,False,loss_tolerance,True,15,32,15,15,0.1279777500021737,0.012820250005461276,0.14079800000763498,12,46.69863128319354,0.42335215352428224,-0.002767053925690803,-0.028056177834908318,0.5283015901922301,-0.005350899554581157,-0.07562744238253855,-0.03436687761934344,0.06953725161513648,0.3352690671750406,0.02809718423393338,0.14469438320608946,0.007881461053095227
0,0,0.24004595277813676,,0,lm,20,0.1,9,8.698246918549147e-05,0.013189576883698087,0.36283027137642165,0.42335216059954967,-1,0.36283027137642165,0.42335216059954967,-1,False,0.42335216059954967,False,False,loss_tolerance,True,23,46,23,23,0.1996360420016572,0.012820250005461276,0.21245629200711846,12,46.69863128319354,0.42335216059954967,-0.002766837728877834,-0.028056181459843416,0.5283015995441913,-0.0053510297889657705,-0.07562743963593986,-0.03436690581290665,0.06953725126839905,0.3352690585773572,0.028097247960379892,0.14469438216907105,0.007881465785366821
0,0,0.24004595277813676,,0,gd,21,0.3,0,3.4093022470169533e-06,0.0026112457743448637,0.05205799894674507,0.09205997602969673,-1,0.05205799894674507,0.09205997602969673,-1,False,0.09205997602969673,False,False,forward_budget,False,251,500,250,250,1.786112542002229,0.012820250005461276,1.7989327920076903,12,46.69863128319354,-0.02363414973967592,-0.09205997602969673,-0.30341611733857643,0.0999145236957969,-0.0709352940453321,-0.43073838647474355,-0.051455109091945714,-0.005467129829366091,0.02566333444405391,-0.044638294229148015,0.006377147089327735,-0.01002233435604793
0,0,0.24004595277813676,,0,momentum,21,0.3,0,0.0004759176930494043,0.030851829542165057,0.2566622971130725,0.3430590299994072,-1,0.2566622971130725,0.3430590299994072,-1,False,0.3430590299994072,False,False,forward_budget,False,251,500,250,250,1.6083887919958215,0.012820250005461276,1.6212090420012828,12,46.69863128319354,0.03997615449425156,-0.1884006966565455,0.03305902999940718,0.05789204851675667,-0.26271214286843947,-0.3468649578296634,-0.013740048877188117,-0.20979058652476965,-0.07449704917373655,0.020517685792383233,0.0013774711629126921,-0.03720211768101963
0,0,0.24004595277813676,,0,adam,21,0.3,0,3.161876624226454e-05,0.007952202995681704,0.11370156868484817,0.16746051894879715,-1,0.11370156868484817,0.16746051894879715,-1,False,0.16746051894879715,False,False,forward_budget,False,251,500,250,250,1.60141533400747,0.012820250005461276,1.6142355840129312,12,46.69863128319354,0.049868375277023876,-0.02681477002002542,-0.3984447736888958,-0.02541025785567388,-0.04843891321754013,-0.25253948105120283,-0.037346072736024666,-0.05271448521605038,0.11157476242361526,-0.0005926355534289609,-0.05318574118828857,-0.014328612259024195
0,0,0.24004595277813676,,0,bfgs,21,0.3,0,3.1574119015592174e-05,0.007946586564757496,0.11454840560413257,0.1697538676471133,-1,0.11454840560413257,0.1697538676471133,-1,False,0.1697538676471133,False,False,gradient_tolerance,True,89,92,92,92,0.6196828750253189,0.012820250005461276,0.6325031250307802,12,46.69863128319354,0.06454346467855245,0.011928488810852532,-0.4010235314394054,-0.02291252630035695,-0.09340818965226452,-0.2502461323528867,-0.04356165982619618,-0.05160700739389734,0.10352231780647762,0.012435833234781639,-0.054884626639145145,-0.009657186457571265
0,0,0.24004595277813676,,0,gn,21,0.3,0,8.698246918548913e-05,0.01318957688369791,0.36283027291210934,0.4233521651739435,-1,0.36283027291210934,0.4233521651739435,-1,False,0.4233521651739435,False,False,loss_tolerance,True,16,32,16,16,0.13679333301843144,0.012820250005461276,0.14961358302389272,12,46.69863128319354,0.4233521651739435,-0.0027668710526031317,-0.0280561818140844,0.5283015979763356,-0.005351009538686853,-0.07562744135176758,-0.03436690156908181,0.0695372521044829,0.3352690600706865,0.028097237987604922,0.14469438208734264,0.007881465125478845
0,0,0.24004595277813676,,0,lm,21,0.3,0,8.698246918548933e-05,0.013189576883697925,0.3628302729068645,0.42335216536601133,-1,0.3628302729068645,0.42335216536601133,-1,False,0.42335216536601133,False,False,loss_tolerance,True,16,32,16,16,0.1496820000174921,0.012820250005461276,0.16250225002295338,12,46.69863128319354,0.42335216536601133,-0.002766867805340592,-0.028056181882179045,0.5283015981149721,-0.005351011488725381,-0.07562744133003609,-0.03436690199366127,0.06953725211097803,0.3352690599439281,0.028097238942215524,0.1446943820681342,0.007881465196482914
0,0,0.24004595277813676,,0,trf,21,0.3,0,0.00012291377389457502,0.01567888860184771,0.48909813406634023,0.6002386135355169,1,0.48909813406634023,0.6002386135355169,1,False,0.6002386135355169,False,False,loss_tolerance,True,,54,27,1,0.28101933299330994,0.012820250005461276,0.2938395829987712,12,46.69863128319354,0.6002386135355169,-0.5346656260099064,0.17918071843963462,0.07001493071018225,-0.36186696095886,0.022187466908500417,-0.13481461077271842,0.05874929032847505,0.0845114337622259,0.2110183093848819,0.18491376755452274,-0.0550368973499557
0,0,0.24004595277813676,,0,momentum,22,0.3,1,0.0002406166422750946,0.021937029984712815,0.33524355571798303,0.39224495296811346,-1,0.33524355571798303,0.39224495296811346,-1,False,0.39224495296811346,False,False,forward_budget,False,251,500,250,250,1.5054013750050217,0.012820250005461276,1.518221625010483,12,46.69863128319354,0.029063144378098493,0.3231259396806593,0.021836794248839716,-0.27224495296811346,0.14979505766028922,-0.2994612423895397,0.1206184225382552,-0.05978742900280041,-0.15672077237641024,-0.21617937070569998,-0.0328248613229119,0.07355791509925941
0,0,0.24004595277813676,,0,adam,22,0.3,1,0.00012526230702983868,0.015827969359955098,0.5007034861220478,0.7651604124287874,-1,0.5007034861220478,0.7651604124287874,-1,False,0.7651604124287874,False,False,forward_budget,False,251,500,250,250,1.6298732080031186,0.012820250005461276,1.64269345800858,12,46.69863128319354,0.4071133239532618,0.7651604124287874,-0.2157732452208697,-0.39177258519320696,0.010891437295974877,-0.19315986095953985,0.1285868731564751,-0.022456777413751076,-0.14625768482921414,-0.08983950210249914,-0.09217705692309026,0.04346667689830394
0,0,0.24004595277813676,,0,bfgs,22,0.3,1,0.00012507770980375554,0.01581630233675087,0.5126624318401398,0.7858417961785389,-1,0.5126624318401398,0.7858417961785389,-1,False,0.7858417961785389,False,False,gradient_tolerance,True,85,90,90,90,0.46390141698066145,0.012820250005461276,0.4767216669861227,12,46.69863128319354,0.4260550837073205,0.7858417961785389,-0.2216026352974077,-0.3954994031046608,-0.005529134154572209,-0.19050844662674546,0.12900214450879202,-0.02203468418036778,-0.15183759839403846,-0.08561153403662386,-0.09148258240318569,0.04283380916932644
0,0,0.24004595277813676,,0,gn,22,0.3,1,3.1574119015619415e-05,0.007946586564760924,0.11454829738624732,0.16975380444832056,1,0.11454829738624732,0.16975380444832056,1,False,0.16975380444832056,False,False,loss_tolerance,True,48,98,48,48,0.417549792007776,0.012820250005461276,0.43037004201323725,12,46.69863128319354,-0.06454317256024965,-0.011927620383873771,0.4010234536180227,0.022912564606092357,0.09340719021719798,0.25024619555167943,0.043561527072205494,0.05160702762598098,-0.1035224602606479,-0.012435543766909786,0.0548845903876721,0.009657294756519542
0,0,0.24004595277813676,,0,lm,22,0.3,1,9.912958941259667e-05,0.014080453786195718,0.4575129579120201,0.7316663519593454,1,0.4575129579120201,0.7316663519593454,1,False,0.7316663519593454,False,False,loss_tolerance,True,51,102,51,51,0.46925408398965374,0.012820250005461276,0.482074333995115,12,46.69863128319354,-0.3565900033229057,0.7316663519593454,0.25647749394353736,0.32420723168332555,0.02964460017365486,0.20643638077297627,0.1451252156944793,0.03367296749545633,0.09851073819020359,-0.045172346692039414,0.08568502127360887,0.05924443574293206
0,0,0.24004595277813676,,0,trf,22,0.3,1,9.912958941255516e-05,0.01408045378619277,0.4575128542987882,0.7316661779786223,1,0.4575128542987882,0.7316661779786223,1,False,0.7316661779786223,False,False,loss_tolerance,True,,52,26,1,0.28590658301254734,0.012820250005461276,0.2987268330180086,12,46.69863128319354,-0.3565898461271006,0.7316661779786223,0.256477458224067,0.32420723458994444,0.029644709652531763,0.2064364122437189,0.1451251985065756,0.033672961237479856,0.09851065347706034,-0.04517241479802617,0.08568501628693745,0.059244461078951746
0,0,0.24004595277813676,,0,gd,22,0.3,1,0.00011656702102789324,0.015268727584700255,0.3562316989887678,0.46198380589092564,-1,0.3562316989887678,0.46198380589092564,-1,False,0.46198380589092564,False,False,forward_budget,False,251,500,250,250,1.6346825410146266,0.012820250005461276,1.647502791020088,12,46.69863128319354,0.10951856200964959,0.46198380589092564,-0.07721470506803299,-0.21868638060335716,0.1945803852090459,-0.3003117390841797,0.12904380469818333,0.0006582192562273875,-0.2661555159684418,-0.23330618222835284,-0.03925646758907663,0.035219273701541876
0,0,0.24004595277813676,,0,adam,23,0.3,2,3.164589963112554e-05,0.007955614323372589,0.11653999682755678,0.16807259906000827,1,0.11653999682755678,0.16807259906000827,1,False,0.16807259906000827,False,False,forward_budget,False,251,500,250,250,1.5174561660096515,0.012820250005461276,1.5302764160151128,12,46.69863128319354,-0.05325157671805524,0.04771871974288603,0.3984167825733107,0.024515463348370643,0.026507912509058686,0.2519274009399917,0.03381827643778893,0.05251626117780065,-0.10894727032782706,0.008099771629831479,0.05363663107522528,0.01706021677797884
0,0,0.24004595277813676,,0,bfgs,23,0.3,2,3.157411901559219e-05,0.007946586564757498,0.11454840533054277,0.16975386734113357,1,0.11454840533054277,0.16975386734113357,1,False,0.16975386734113357,False,False,gradient_tolerance,True,82,84,84,84,0.42765258299186826,0.012820250005461276,0.44047283299732953,12,46.69863128319354,-0.06454346578455028,-0.011928484032824037,0.4010235316500349,0.02291252589171609,0.09340818643476644,0.2502461326588664,0.04356165785485143,0.051607007197376153,-0.10352231714281186,-0.012435830866140016,0.05488462652816627,0.009657187253127279
0,0,0.24004595277813676,,0,gn,23,0.3,2,3.157411901561855e-05,0.007946586564760815,0.1145482990825522,0.1697538054364528,1,0.1145482990825522,0.1697538054364528,1,False,0.1697538054364528,False,False,loss_tolerance,True,54,109,54,54,0.4519475419947412,0.012820250005461276,0.46476779200020246,12,46.69863128319354,-0.06454317714640831,-0.011927633983748395,0.40102345483630464,0.022912564006945774,0.09340720587465108,0.2502461945635472,0.04356152914783879,0.051607027308757686,-0.10352245802878614,-0.012435548300824443,0.05488459095844661,0.009657293060675554
0,0,0.24004595277813676,,0,lm,23,0.3,2,3.1574119015617084e-05,0.007946586564760631,0.11454830209919716,0.16975380719370942,1,0.11454830209919716,0.16975380719370942,1,False,0.16975380719370942,False,False,loss_tolerance,True,57,114,57,57,0.49461708398303017,0.012820250005461276,0.5074373339884914,12,46.69863128319354,-0.06454318530225629,-0.011927658169235996,0.40102345700285036,0.022912562941446453,0.09340723371925697,0.25024619280629057,0.043561532839064034,0.051607026744620026,-0.10352245405972893,-0.012435556363761566,0.054884591973490104,0.009657290044852647
0,0,0.24004595277813676,,0,trf,23,0.3,2,3.1574119015619144e-05,0.007946586564760891,0.11454829793574337,0.16975380476841329,1,0.11454829793574337,0.16975380476841329,1,False,0.16975380476841329,False,False,loss_tolerance,True,,110,55,1,0.5297859589918517,0.012820250005461276,0.5426062089973129,12,46.69863128319354,-0.06454317404587687,-0.011927624789378491,0.4010234540126694,0.02291256441200651,0.09340719528922879,0.2502461952315867,0.043561527744580227,0.05160702752322057,-0.10352245953766494,-0.012435545235613231,0.05488459057256718,0.009657294207172661
0,0,0.24004595277813676,,0,gd,23,0.3,2,3.243034854962097e-05,0.008053613915456956,0.12773414585037218,0.16529676167783175,1,0.12773414585037218,0.16529676167783175,1,False,0.16529676167783175,False,False,forward_budget,False,251,500,250,250,1.499033000000054,0.012820250005461276,1.5118532500055153,12,46.69863128319354,-0.10094010570869268,-0.045609413857115505,0.4020725833117693,0.03139823863982316,0.15006940680933212,0.25470323832216824,0.05437170944042138,0.051977279869473085,-0.10080707196957381,-0.01649281535180967,0.05388220978335863,0.005360248074617853
0,0,0.24004595277813676,,0,momentum,23,0.3,2,0.00020895754060792373,0.02044297143802357,0.17549330574196315,0.22175990443090174,1,0.17549330574196315,0.22175990443090174,1,False,0.22175990443090174,False,False,forward_budget,False,251,500,250,250,1.4799020829959773,0.012820250005461276,1.4927223330014385,12,46.69863128319354,-0.10951119932006373,-0.06709077009523708,0.21704270972214776,0.10175990443090174,0.15410941125359087,0.21972107516188868,0.23761028647176022,0.05910437307630557,-0.05874263946260987,-0.12156760095766746,0.14140732464651715,0.02801292382999441
0,0,0.24004595277813676,,0,bfgs,24,0.3,3,8.698246918548768e-05,0.013189576883697799,0.36283027189470746,0.42335215859352066,-1,0.36283027189470746,0.42335215859352066,-1,False,0.42335215859352066,False,False,gradient_tolerance,True,75,76,76,76,0.34603808299289085,0.012820250005461276,0.3588583329983521,12,46.69863128319354,0.42335215859352066,-0.0027669274600276715,-0.028056180552479673,0.5283015940463335,-0.005350974493292289,-0.0756274412227181,-0.03436689449791499,0.06953725213642038,0.33526906215810315,0.02809722115000312,0.14469438288985853,0.007881463805619295
0,0,0.24004595277813676,,0,gn,24,0.3,3,8.698246918549245e-05,0.013189576883698161,0.3628302730872266,0.4233521554206604,-1,0.3628302730872266,0.4233521554206604,-1,False,0.4233521554206604,False,False,loss_tolerance,True,15,30,15,15,0.12416254199342802,0.012820250005461276,0.1369827919988893,12,46.69863128319354,0.4233521554206604,-0.0027670294408079603,-0.02805617842256156,0.5283015912241736,-0.005350914270116202,-0.0756274423218474,-0.03436688083223612,0.06953725172771481,0.33526906623457386,0.028097191421751534,0.14469438304291266,0.007881461602797636
0,0,0.24004595277813676,,0,lm,24,0.3,3,8.698246918549223e-05,0.013189576883698144,0.36283027308551835,0.42335215556115047,-1,0.36283027308551835,0.42335215556115047,-1,False,0.42335215556115047,False,False,loss_tolerance,True,15,30,15,15,0.1283104159811046,0.012820250005461276,0.14113066598656587,12,46.69863128319354,0.42335215556115047,-0.0027670272424337506,-0.028056178471045714,0.5283015913183848,-0.005350915607832994,-0.0756274423095694,-0.0343668811220158,0.0695372517341171,0.3352690661496492,0.02809719206938322,0.1446943830289574,0.007881461656802672
0,0,0.24004595277813676,,0,trf,24,0.3,3,8.698246918549146e-05,0.013189576883698087,0.36283027288205716,0.4233521673100824,-1,0.36283027288205716,0.4233521673100824,-1,False,0.4233521673100824,False,False,loss_tolerance,True,,31,16,1,0.14868945800117217,0.012820250005461276,0.16150970800663345,12,46.69863128319354,0.4233521673100824,-0.002766836890342855,-0.02805618255044482,0.5283015994335807,-0.0053510300855034556,-0.07562744114961024,-0.03436690604217239,0.06953725218988865,0.3352690587417507,0.02809724803059958,0.14469438187927214,0.007881465885399905
0,0,0.24004595277813676,,0,gd,24,0.3,3,0.0001062941730912929,0.014580409671287903,0.3283201416876555,0.41546468654339064,-1,0.3283201416876555,0.41546468654339064,-1,False,0.41546468654339064,False,False,forward_budget,False,251,500,250,250,1.5057798750058282,0.012820250005461276,1.5186001250112895,12,46.69863128319354,0.12710065703130174,-0.1222124343966209,-0.001696441512816893,0.5354646865433906,0.04410698498284189,-0.008960167608281477,-0.010421755981479906,0.04178741949490597,0.3289098731778995,0.007133959704263937,0.1544091403239825,0.0017124760997496893
0,0,0.24004595277813676,,0,momentum,24,0.3,3,0.0003947784149371438,0.028099053896426612,0.2823649472011094,0.49412191360527746,-1,0.2823649472011094,0.49412191360527746,-1,False,0.4795415923399608,False,False,forward_budget,False,251,500,250,250,1.4825848749896977,0.012820250005461276,1.495405124995159,12,46.69863128319354,0.009164666169072203,-0.2374690794112758,-0.1695415923399608,0.24776558511686406,0.20677383686099088,0.07412191360527746,-0.017339538100726835,0.1293123482643437,0.1520176344614703,-0.06022315600358808,0.24953037263672756,-0.016054293174676004
0,0,0.24004595277813676,,0,adam,24,0.3,3,8.698246919063749e-05,0.013189576884088245,0.3628299920509554,0.4233508919676644,-1,0.3628299920509554,0.4233508919676644,-1,False,0.4233508919676644,False,False,forward_budget,False,251,500,250,250,1.5495289160171524,0.012820250005461276,1.5623491660226136,12,46.69863128319354,0.4233508919676644,-0.0027689679397993163,-0.02805633211229346,0.5283019792034505,-0.005349874262848475,-0.07562682185467838,-0.0343666398292451,0.0695372917444457,0.3352686544118755,0.028096990643920055,0.144694202510299,0.007881419894807548
0,0,0.24004595277813676,,0,gn,25,0.3,4,3.157411901562697e-05,0.007946586564761875,0.11454852776256844,0.16975393864443966,-1,0.11454852776256844,0.16975393864443966,-1,False,0.16975393864443966,False,False,loss_tolerance,True,38,76,38,38,0.3166919999930542,0.012820250005461276,0.32951224999851547,12,46.69863128319354,0.06454379539251588,0.011929467319957083,-0.40102361906950196,-0.02291248323742438,-0.09340931658606923,-0.2502460613555603,-0.043561808953705705,-0.051606984545068416,0.10352215715787697,0.01243615949595416,-0.05488466790315749,-0.0096570644518967
0,0,0.24004595277813676,,0,lm,25,0.3,4,3.15741190156271e-05,0.007946586564761892,0.11454852801241096,0.16975393878997197,-1,0.11454852801241096,0.16975393878997197,-1,False,0.16975393878997197,False,False,loss_tolerance,True,38,76,38,38,0.32584800000768155,0.012820250005461276,0.3386682500131428,12,46.69863128319354,0.06454379606795728,0.011929469322875669,-0.40102361924892904,-0.022912483149182285,-0.09340931889202289,-0.250246061210028,-0.04356180925939272,-0.0516069844983488,0.10352215682917139,0.012436160163683388,-0.05488466798722087,-0.009657064202141886
0,0,0.24004595277813676,,0,trf,25,0.3,4,3.1574119015626984e-05,0.007946586564761876,0.11454852776256846,0.16975393864443972,-1,0.11454852776256846,0.16975393864443972,-1,False,0.16975393864443972,False,False,loss_tolerance,True,,77,39,1,0.37458654199144803,0.012820250005461276,0.3874067919969093,12,46.69863128319354,0.064543795392516,0.011929467319957166,-0.401023619069502,-0.02291248323742438,-0.09340931658606946,-0.25024606135556027,-0.04356180895370573,-0.05160698454506841,0.10352215715787691,0.012436159495954155,-0.05488466790315748,-0.009657064451896716
0,0,0.24004595277813676,,0,gd,25,0.3,4,0.0001263200022789368,0.015894653332421994,0.20094846894444193,0.2590807008605369,-1,0.20094846894444193,0.2590807008605369,-1,False,0.2590807008605369,False,False,forward_budget,False,251,500,250,250,1.486678833985934,0.012820250005461276,1.4994990839913953,12,46.69863128319354,0.043442929076443086,-0.18004554187824326,-0.2710257911127759,-0.1390807008605369,-0.2531190394961713,-0.1794217511534047,-0.19881600491919654,-0.021099910522960067,-0.0030129690427248114,0.13543648749119422,-0.14135395378296137,-0.04302464513515905
0,0,0.24004595277813676,,0,momentum,25,0.3,4,0.0004267592731145261,0.02921503972663827,0.2772803941233984,0.3000505044449887,-1,0.2772803941233984,0.3000505044449887,-1,False,0.3000505044449887,False,False,forward_budget,False,251,500,250,250,1.5164976670057513,0.012820250005461276,1.5293179170112126,12,46.69863128319354,0.12509010493750194,-0.009664588359983363,-0.023184028769888548,0.030948470038332048,-0.3190114259867439,-0.11994949555501129,-0.1930005226112892,-0.15357277546910553,-0.09803601272074673,0.26921374716241897,-0.21753640295989343,-0.057910090846080294
0,0,0.24004595277813676,,0,adam,25,0.3,4,3.1667373652816445e-05,0.007958313094219962,0.11881567833472721,0.16835998364553173,-1,0.11881567833472721,0.16835998364553173,-1,False,0.16835998364553173,False,False,forward_budget,False,251,500,250,250,1.649346374993911,0.012820250005461276,1.6621666249993723,12,46.69863128319354,0.05325263575824133,-0.05870669186298304,-0.39855610361962435,-0.024566824360851475,-0.014505944419001543,-0.25164001635446825,-0.0320323108774105,-0.05253896582450404,0.10888953902201211,-0.012021879174485408,-0.05370563674763611,-0.018449032543911704
0,0,0.24004595277813676,,0,bfgs,25,0.3,4,9.912958941254139e-05,0.014080453786191792,0.45751277031555093,0.7316660278485744,-1,0.45751277031555093,0.7316660278485744,-1,False,0.7316660278485744,False,False,gradient_tolerance,True,84,86,86,86,0.43591220799135044,0.012820250005461276,0.4487324579968117,12,46.69863128319354,0.35658973817797424,-0.7316660278485744,-0.2564773948955758,-0.3242072344609509,-0.02964487104857916,-0.2064364516889548,-0.14512520053226438,-0.03367297312390101,-0.09851059913770366,0.045172458047765394,-0.08568501532443264,-0.05924446754733307
0,0,0.24004595277813676,,0,lm,26,0.3,5,9.910789526119811e-05,0.01407891297374894,0.44397424936529684,0.5911191858853548,-1,0.44397424936529684,0.5911191858853548,-1,False,0.5911191858853548,False,False,loss_tolerance,True,23,46,23,23,0.24495416699210182,0.012820250005461276,0.2577744169975631,12,46.69863128319354,-0.5911191858853548,-0.49466954309293415,-0.213823192719205,-0.020536240130836363,-0.35853833971242643,-0.040329042502902104,-0.1455521822909499,-0.07524676979193919,-0.053259225573638366,0.1858829799057732,-0.16525837719946582,-0.08277824123332725
0,0,0.24004595277813676,,0,trf,26,0.3,5,9.910789526119424e-05,0.014078912973748666,0.44397426251914296,0.5911192048876509,-1,0.44397426251914296,0.5911192048876509,-1,False,0.5911192048876509,False,False,loss_tolerance,True,,46,23,1,0.23516699997708201,0.012820250005461276,0.2479872499825433,12,46.69863128319354,-0.5911192048876509,-0.49466957012843993,-0.21382319063717545,-0.02053623908978887,-0.3585383329985301,-0.040329040754401066,-0.1455521765282703,-0.07524677068677328,-0.0532592287391248,0.18588297675921592,-0.16525837591522866,-0.08277824315369439
0,0,0.24004595277813676,,0,gd,26,0.3,5,0.00012208196169659536,0.015625745530795987,0.30999678945270254,0.4063543540177175,-1,0.30999678945270254,0.4063543540177175,-1,False,0.4063543540177175,False,False,forward_budget,False,251,500,250,250,1.4926158750022296,0.012820250005461276,1.5054361250076909,12,46.69863128319354,-0.4063543540177175,-0.2733422023330197,-0.20714506415984138,-0.008705725310785183,-0.2370358266217916,-0.07642847396558823,-0.17187445585391253,-0.06430451293824463,-0.02123108354302108,0.17832440234193148,-0.17624036416925387,-0.08210051206686757
0,0,0.24004595277813676,,0,momentum,26,0.3,5,0.0004237547265568338,0.02911201561406677,0.30441758628632953,0.39951778151360495,-1,0.30441758628632953,0.39951778151360495,-1,False,0.39951778151360495,False,False,forward_budget,False,251,500,250,250,1.514254500012612,0.012820250005461276,1.5270747500180732,12,46.69863128319354,-0.39951778151360495,-0.12914974990968311,-0.037874095575982016,0.08046270123266056,0.09662906367229537,-0.1399248965782493,-0.10857442118646338,-0.08155105575485237,0.028610927939496874,0.063516739685267,-0.250885897217175,-0.07681149641565191
0,0,0.24004595277813676,,0,adam,26,0.3,5,9.910824564970995e-05,0.01407893786119606,0.44336426914987037,0.5901066887930526,-1,0.44336426914987037,0.5901066887930526,-1,False,0.5901066887930526,False,False,forward_budget,False,251,500,250,250,1.8335226670023985,0.012820250005461276,1.8463429170078598,12,46.69863128319354,-0.5901066887930526,-0.49375634552414055,-0.21387094101312845,-0.02063901898415259,-0.35857456223909884,-0.04053486375111324,-0.14576851307334718,-0.07520116145951,-0.053090975482992346,0.18581238714419937,-0.1652796783806603,-0.08269270304082314
0,0,0.24004595277813676,,0,bfgs,26,0.3,5,9.910789526118059e-05,0.014078912973747696,0.4439743391845574,0.591119316411083,-1,0.4439743391845574,0.591119316411083,-1,False,0.591119316411083,False,False,gradient_tolerance,True,78,81,81,81,0.37429158299346454,0.012820250005461276,0.3871118329989258,12,46.69863128319354,-0.591119316411083,-0.49466973539345516,-0.21382318601851535,-0.02053623753702979,-0.35853828764021245,-0.040329034627269035,-0.145552148291657,-0.07524677290143997,-0.053259235183906746,0.18588294375845035,-0.16525836908725164,-0.08277824859861568
0,0,0.24004595277813676,,0,gn,26,0.3,5,9.910789526118948e-05,0.014078912973748327,0.44397427665717,0.5911192256899391,-1,0.44397427665717,0.5911192256899391,-1,False,0.5911192256899391,False,False,loss_tolerance,True,20,41,20,20,0.16604687500512227,0.012820250005461276,0.17886712501058355,12,46.69863128319354,-0.5911192256899391,-0.49466960076368593,-0.21382319008778783,-0.02053623857402857,-0.35853832430530874,-0.040329039758666814,-0.14555217142265744,-0.07524677102046894,-0.05325922959445277,0.18588297004628182,-0.16525837468050072,-0.08277824403603229
0,0,0.24004595277813676,,0,trf,27,0.3,6,0.00012291377389455423,0.015678888601846384,0.48909809142950617,0.6002385468422926,-1,0.48909809142950617,0.6002385468422926,-1,False,0.6002385468422926,False,False,loss_tolerance,True,,51,26,1,0.2534331659844611,0.012820250005461276,0.26625341598992236,12,46.69863128319354,-0.6002385468422926,0.5346655340362785,-0.17918071599030877,-0.07001493358426386,0.3618669689826584,-0.02218747053599201,0.13481462375974831,-0.058749289566650445,-0.08451143118262373,-0.21101832954677816,-0.18491377071086956,0.055036896873590084
0,0,0.24004595277813676,,0,gd,27,0.3,6,0.00014611886380962733,0.01709496205375299,0.36360689421518255,0.405535980134659,-1,0.36360689421518255,0.405535980134659,-1,False,0.405535980134659,False,False,forward_budget,False,251,500,250,250,1.483156542002689,0.012820250005461276,1.4959767920081504,12,46.69863128319354,-0.405535980134659,0.32317210659482903,-0.148037652212967,-0.05660403444671929,0.2372881982789179,-0.039818853539649486,0.1421984814355756,-0.05822974634286549,-0.09406155713227476,-0.22801952345060558,-0.19880294715943475,0.0667484084261253
0,0,0.24004595277813676,,0,momentum,27,0.3,6,0.0003719032582691834,0.027272816439421265,0.3126950405051642,0.37018838081589917,-1,0.3126950405051642,0.37018838081589917,-1,False,0.37018838081589917,False,False,forward_budget,False,251,500,250,250,1.4962408750143368,0.012820250005461276,1.509061125019798,12,46.69863128319354,-0.37018838081589917,0.2021640952274374,-0.03013464601965956,0.12490319364646815,-0.07614687921027587,-0.14176815626796468,0.17400164965461,-0.08763160695965609,0.004082953020595174,-0.14842655115848993,-0.25740290646745134,0.060886675221322434
0,0,0.24004595277813676,,0,adam,27,0.3,6,0.0001229137739040873,0.015678888602454404,0.4890976950247558,0.6002383423576386,-1,0.4890976950247558,0.6002383423576386,-1,False,0.6002383423576386,False,False,forward_budget,False,251,500,250,250,1.628983792004874,0.012820250005461276,1.6418040420103353,12,46.69863128319354,-0.6002383423576386,0.5346650923220455,-0.17917994318157596,-0.0700154934941808,0.3618651637503926,-0.022187810338154028,0.13481499278981504,-0.05874948337421462,-0.08451050556592965,-0.21101825854463305,-0.18491333911617455,0.0550369539439153
0,0,0.24004595277813676,,0,bfgs,27,0.3,6,8.887125473631528e-05,0.013332010706289976,0.47541852925588574,0.7429870018810562,-1,0.47541852925588574,0.7429870018810562,-1,False,0.7429870018810562,False,False,gradient_tolerance,True,84,88,88,88,0.3985155420086812,0.012820250005461276,0.4113357920141425,12,46.69863128319354,0.29889855022102874,0.7429870018810562,-0.11349240089211421,-0.2929137526273394,0.10773920649494664,-0.326104609948161,0.0808849980389144,0.012668933395378777,-0.2777694322567153,-0.2160543957684341,-0.023718529699573405,0.059944151146029315
0,0,0.24004595277813676,,0,gn,27,0.3,6,0.00012291377389455968,0.01567888860184673,0.48909810433131307,0.6002385670197437,-1,0.48909810433131307,0.6002385670197437,-1,False,0.6002385670197437,False,False,loss_tolerance,True,25,50,25,25,0.20415983398561366,0.012820250005461276,0.21698008399107493,12,46.69863128319354,-0.6002385670197437,0.5346655618664088,-0.17918071673454164,-0.07001493271640645,0.36186696656707695,-0.02218746944032108,0.13481461983256868,-0.05874928979671056,-0.08451143196137781,-0.21101832344355936,-0.18491376975563434,0.055036897015581225
0,0,0.24004595277813676,,0,lm,27,0.3,6,0.00012291377389455276,0.01567888860184629,0.4890980869984395,0.6002385397534841,-1,0.4890980869984395,0.6002385397534841,-1,False,0.6002385397534841,False,False,loss_tolerance,True,25,50,25,25,0.21436991597875021,0.012820250005461276,0.2271901659842115,12,46.69863128319354,-0.6002385397534841,0.5346655248634596,-0.17918071570959926,-0.07001493378772917,0.36186696970023474,-0.02218747106080137,0.13481462513324763,-0.0587492894911453,-0.08451143092560476,-0.21101833120861452,-0.1849137710788087,0.055036896759115585
0,0,0.24004595277813676,,0,gd,28,0.3,7,0.00012050039421985975,0.015524200090172746,0.346920247341904,0.39412852104161317,1,0.346920247341904,0.39412852104161317,1,False,0.39412852104161317,False,False,forward_budget,False,251,500,250,250,1.5814420840179082,0.012820250005461276,1.5942623340233695,12,46.69863128319354,-0.39412852104161317,0.12300696222571056,-0.006503809509502049,-0.37099317858423714,0.08201754717002534,0.06491424063812923,-0.013585903845954603,-0.04319676028405143,-0.3172755844715977,-0.07063801762131208,-0.20381513696377626,0.002102880757428287
0,0,0.24004595277813676,,0,momentum,28,0.3,7,0.0002953591956838253,0.024304698956532058,0.30965217085362934,0.40482188077155334,-1,0.30965217085362934,0.40482188077155334,-1,False,0.40482188077155334,False,False,forward_budget,False,251,500,250,250,1.5198317080212291,0.012820250005461276,1.5326519580266904,12,46.69863128319354,-0.3670785004017738,0.12413146508328302,-0.11289240365758588,-0.023397717160225266,0.10736866887549713,-0.01517811922844663,0.07703716734877615,0.020063331799673394,-0.17499292320136806,0.03330506937545116,-0.3159080029311379,-0.049128036316671155
0,0,0.24004595277813676,,0,adam,28,0.3,7,8.884625718705546e-05,0.013330135572232974,0.35443909948220254,0.654558782159158,1,0.35443909948220254,0.654558782159158,1,False,0.654558782159158,False,False,forward_budget,False,251,500,250,250,1.47258454101393,0.012820250005461276,1.4854047910193913,12,46.69863128319354,0.059948645002295006,0.01884126434682782,0.10597401700101124,-0.5660734331111802,0.012559001528869006,-0.234558782159158,0.014480513351114837,-0.0014259142578916298,-0.43015928908614237,-0.04798551638144027,-0.03558166466033449,0.006964878546462699
0,0,0.24004595277813676,,0,bfgs,28,0.3,7,8.698246918548768e-05,0.013189576883697799,0.3628302732079036,0.42335216199598397,1,0.3628302732079036,0.42335216199598397,1,False,0.42335216199598397,False,False,gradient_tolerance,True,78,79,79,79,0.3576430839893874,0.012820250005461276,0.37046333399484865,12,46.69863128319354,-0.42335216199598397,0.0027669278806138112,0.02805618018258053,-0.5283015955413028,0.005350974550430885,0.07562744183034906,0.034366894386667644,-0.0695372518327592,-0.3352690626021573,-0.028097221076875425,-0.14469438236746088,-0.007881463836856234
0,0,0.24004595277813676,,0,gn,28,0.3,7,8.698246918549096e-05,0.013189576883698048,0.3628302728690652,0.4233521668091867,1,0.3628302728690652,0.4233521668091867,1,False,0.4233521668091867,False,False,loss_tolerance,True,15,30,15,15,0.1193102500110399,0.012820250005461276,0.13213050001650117,12,46.69863128319354,-0.4233521668091867,0.002766843562599655,0.02805618239306993,-0.5283015991511356,0.005351026075079173,0.07562744116994896,0.03436690516700993,-0.06953725216158872,-0.3352690589987408,-0.028097246071353103,-0.1446943819233749,-0.007881465735924706
0,0,0.24004595277813676,,0,lm,28,0.3,7,8.698246918549143e-05,0.013189576883698085,0.3628302728609719,0.42335216716170354,1,0.3628302728609719,0.42335216716170354,1,False,0.42335216716170354,False,False,loss_tolerance,True,15,30,15,15,0.12287508399458602,0.012820250005461276,0.1356953340000473,12,46.69863128319354,-0.42335216716170354,0.0027668377169022965,0.02805618251697635,-0.5283015994005732,0.005351029590354958,0.0756274411324169,0.03436690593207962,-0.06953725217440797,-0.3352690587709682,-0.028097247790095644,-0.14469438188841505,-0.007881465865484744
0,0,0.24004595277813676,,0,trf,28,0.3,7,8.698246918549096e-05,0.013189576883698048,0.3628302728690652,0.42335216680918664,1,0.3628302728690652,0.42335216680918664,1,False,0.42335216680918664,False,False,loss_tolerance,True,,31,16,1,0.15671295899664983,0.012820250005461276,0.1695332090021111,12,46.69863128319354,-0.42335216680918664,0.0027668435625996385,0.02805618239306993,-0.5283015991511355,0.005351026075079205,0.07562744116994896,0.03436690516700992,-0.06953725216158872,-0.3352690589987409,-0.028097246071353103,-0.14469438192337492,-0.007881465735924702
0,0,0.24004595277813676,,0,momentum,29,0.3,8,0.00018253042639971494,0.01910656569871807,0.19026677340240672,0.23067206982782112,1,0.19026677340240672,0.23067206982782112,1,False,0.23067206982782112,False,False,forward_budget,False,251,500,250,250,1.5831985409895424,0.012820250005461276,1.5960187909950037,12,46.69863128319354,-0.23067206982782112,-0.19806513780850132,0.16092144417306894,-0.047608964808582226,-0.04881368039168714,0.467967265611261,0.05373228928948415,0.07815308731683276,0.02344338591525862,-0.07653248678088784,-0.023264878228944137,-0.02660301399462044
0,0,0.24004595277813676,,0,adam,29,0.3,8,4.967145431513564e-09,9.967091282328625e-05,0.0031419960674392952,0.003791589813405827,1,0.0031419960674392952,0.003791589813405827,1,False,0.003791589813405827,False,True,forward_budget,False,251,500,250,250,1.6048872910032514,0.012820250005461276,1.6177075410087127,12,46.69863128319354,0.0033459951554754507,0.003512497758902069,0.3094315048183127,-0.11861725213660003,0.06620841018659418,0.42056333447533195,0.04969275602415468,0.0003920530873757403,-0.0026863239280742225,0.0010513930737291463,-0.0004433189024818772,0.0003217146363385415
0,0,0.24004595277813676,,0,bfgs,29,0.3,8,7.417876605864557e-21,1.2180210676227697e-10,1.4752958852684338e-09,2.109354801937968e-09,1,1.4752958852684338e-09,2.109354801937968e-09,1,False,2.109354801937968e-09,False,True,gradient_tolerance,True,77,82,82,82,0.37165837502107024,0.012820250005461276,0.3844786250265315,12,46.69863128319354,2.0498810967924078e-10,-1.0528743070553823e-09,0.3100000001203095,-0.1200000016336571,0.07000000210935481,0.4199999991947907,0.04999999977761541,-2.7557688633774628e-11,2.018397261685014e-09,-8.042394989445664e-10,4.156561947719026e-10,-3.152138629576211e-11
0,0,0.24004595277813676,,0,gn,29,0.3,8,1.0038665852727626e-24,1.416945013239937e-12,1.2518000610759276e-11,1.6575699146592626e-11,1,1.2518000610759276e-11,1.6575699146592626e-11,1,False,1.6575699146592626e-11,True,True,gradient_tolerance,True,7,14,7,7,0.053748957987409085,0.012820250005461276,0.06656920799287036,12,46.69863128319354,5.9223010857555275e-12,-1.6307252110976557e-11,0.3100000000002715,-0.11999999999132639,0.0700000000165757,0.419999999998618,0.05000000000226763,1.3481167986275253e-12,-1.1830663156583968e-11,-5.497957916221027e-12,1.2910993226525107e-12,-1.626446851879929e-12
0,0,0.24004595277813676,,0,lm,29,0.3,8,4.033511358455124e-19,8.981660601976812e-10,2.261766508831183e-08,2.805459363678552e-08,1,2.261766508831183e-08,2.805459363678552e-08,1,False,2.805459363678552e-08,False,True,gradient_tolerance,True,14,27,14,14,0.11190337501466274,0.012820250005461276,0.12472362502012402,12,46.69863128319354,2.805459363678552e-08,1.8701285806024484e-08,0.3099999947452645,-0.11999998529681061,0.06999997821856105,0.4200000069188043,0.04999999912795495,3.622971560370878e-09,-2.6461710664814593e-08,5.0861830519725806e-09,-4.975303691578483e-09,1.622809453701367e-09
0,0,0.24004595277813676,,0,trf,29,0.3,8,8.894701964972542e-20,4.2177486802730536e-10,5.206898216892747e-09,7.668871468413663e-09,1,5.206898216892747e-09,7.668871468413663e-09,1,False,7.668871468413663e-09,False,True,gradient_tolerance,True,,14,7,1,0.06696129200281575,0.012820250005461276,0.07978154200827703,12,46.69863128319354,4.67535974357685e-09,-5.5449508465987345e-09,0.3099999987192489,-0.11999999916024712,0.07000000766887148,0.4200000008048039,0.049999998609419,2.4803149617480782e-11,-3.226539200636266e-09,-3.554962728189748e-09,2.082401800245981e-10,1.4994590634434932e-09
0,0,0.24004595277813676,,0,gd,29,0.3,8,5.549997812979932e-06,0.003331665593357152,0.0750862501334649,0.1166768808094327,1,0.0750862501334649,0.1166768808094327,1,False,0.1166768808094327,False,False,forward_budget,False,251,500,250,250,1.6386428749829065,0.012820250005461276,1.6514631249883678,12,46.69863128319354,-0.08038465420117222,-0.1166768808094327,0.31733745804006874,-0.127490303444155,0.07495902089578488,0.420653661379641,0.052419185035673124,-0.00778562030422315,0.03765005359705688,-0.05445966470186501,0.0025157700746707866,-0.014023012430380118
0,0,0.24004595277813676,,0,adam,30,0.3,9,3.1608450746517164e-05,0.00795090570268786,0.11362328982711896,0.16793045045881444,-1,0.11362328982711896,0.16793045045881444,-1,False,0.16793045045881444,False,False,forward_budget,False,251,500,250,250,1.651174207974691,0.012820250005461276,1.6639944579801522,12,46.69863128319354,0.05429611630788815,-0.025410687978366125,-0.39866380255833556,-0.02443095050727506,-0.0512076090060821,-0.25206954954118554,-0.03763509034230184,-0.05240092192392862,0.10870714449444911,-0.0002656191968887052,-0.053674340556438355,-0.014196113202717417
0,0,0.24004595277813676,,0,bfgs,30,0.3,9,9.912958941254138e-05,0.014080453786191792,0.4575127692463266,0.7316660267175334,-1,0.4575127692463266,0.7316660267175334,-1,False,0.7316660267175334,False,False,gradient_tolerance,True,88,93,93,93,0.43763987498823553,0.012820250005461276,0.4504601249936968,12,46.69863128319354,0.35658973616690365,-0.7316660267175334,-0.25647739463664143,-0.32420723331238377,-0.029644873377851075,-0.20643645196075214,-0.14512520072430293,-0.0336729730228899,-0.09851059876930239,0.045172457887174264,-0.08568501585065992,-0.05924446749633492
0,0,0.24004595277813676,,0,gn,30,0.3,9,8.698246918549203e-05,0.01318957688369813,0.36283027283463626,0.4233521675676524,-1,0.36283027283463626,0.4233521675676524,-1,False,0.4233521675676524,False,False,loss_tolerance,True,15,31,15,15,0.15548533300170675,0.012820250005461276,0.16830558300716802,12,46.69863128319354,0.4233521675676524,-0.0027668299914590543,-0.02805618267329972,0.5283015997225678,-0.005351034241749544,-0.07562744107087463,-0.03436690694320011,0.06953725218502856,0.3352690584708529,0.02809725006231122,0.14469438184781194,0.007881466038042025
0,0,0.24004595277813676,,0,lm,30,0.3,9,0.00012507770980379243,0.015816302336753203,0.5126623387614035,0.7858416236139372,1,0.5126623387614035,0.7858416236139372,1,False,0.7858416236139372,False,False,loss_tolerance,True,49,98,49,49,0.4343909999879543,0.012820250005461276,0.44721124999341555,12,46.69863128319354,-0.42605492866062433,-0.7858416236139372,0.22160257649859055,0.3954994310232881,0.005528962969680755,0.19050849451185456,-0.1290021141924913,0.022034680650580216,0.1518375009768782,0.08561159037900337,0.09148258125094903,-0.04283383340605004
0,0,0.24004595277813676,,0,trf,30,0.3,9,8.698246918549524e-05,0.013189576883698373,0.36283027302980914,0.42335215342973803,-1,0.36283027302980914,0.42335215342973803,-1,False,0.42335215342973803,False,False,loss_tolerance,True,,39,20,1,0.1869806670001708,0.012820250005461276,0.19980091700563207,12,46.69863128319354,0.42335215342973803,-0.0027670555518710333,-0.02805617780136651,0.5283015901211913,-0.005350898576605632,-0.07562744239407228,-0.034366877406675704,0.06953725161236986,0.3352690672389463,0.02809718375550059,0.14469438321620628,0.007881461017239329
0,0,0.24004595277813676,,0,gd,30,0.3,9,8.504643951404722e-06,0.004124231795475304,0.11506052913543416,0.20680140510953646,-1,0.11506052913543416,0.20680140510953646,-1,False,0.20680140510953646,False,False,forward_budget,False,251,500,250,250,1.4907192909740843,0.012820250005461276,1.5035395409795456,12,46.69863128319354,0.0406720686006937,-0.20680140510953646,-0.3079255155024522,0.11301659242982236,0.010206413952826407,-0.42969126858150564,-0.03463809087421549,0.0007414491499586521,-0.018037575988403852,-0.0851834551351208,0.0034802837906996653,-0.022040187811896532
0,0,0.24004595277813676,,0,momentum,30,0.3,9,0.0003801490809235331,0.027573504707364752,0.2737924916790495,0.33519674980132497,-1,0.2737924916790495,0.33519674980132497,-1,False,0.33519674980132497,False,False,forward_budget,False,251,500,250,250,1.4724213329900522,0.012820250005461276,1.4852415829955135,12,46.69863128319354,0.17091023847127562,-0.33519674980132497,-0.011236143259001314,-0.030127452086001854,-0.09522576475799559,-0.4095524379262288,-0.003115177699802076,-0.15291071903541884,-0.0651167015181375,0.02543775470390017,0.02914835870676785,-0.053992376081122506
